image_id,image_path,label,source,exists,split
hf_aptos_03571,data\raw\aptos\train_images\hf_aptos_03571.png,2,aptos_hf,True,train
hf_aptos_02005,data\raw\aptos\train_images\hf_aptos_02005.png,0,aptos_hf,True,train
hf_aptos_03314,data\raw\aptos\train_images\hf_aptos_03314.png,0,aptos_hf,True,train
hf_aptos_00209,data\raw\aptos\train_images\hf_aptos_00209.png,1,aptos_hf,True,train
hf_aptos_01569,data\raw\aptos\train_images\hf_aptos_01569.png,2,aptos_hf,True,train
hf_aptos_00163,data\raw\aptos\train_images\hf_aptos_00163.png,2,aptos_hf,True,train
hf_aptos_01842,data\raw\aptos\train_images\hf_aptos_01842.png,0,aptos_hf,True,train
hf_aptos_03095,data\raw\aptos\train_images\hf_aptos_03095.png,0,aptos_hf,True,train
hf_aptos_03434,data\raw\aptos\train_images\hf_aptos_03434.png,0,aptos_hf,True,train
hf_aptos_01126,data\raw\aptos\train_images\hf_aptos_01126.png,2,aptos_hf,True,train
hf_aptos_03119,data\raw\aptos\train_images\hf_aptos_03119.png,0,aptos_hf,True,train
hf_aptos_02638,data\raw\aptos\train_images\hf_aptos_02638.png,0,aptos_hf,True,train
hf_aptos_01477,data\raw\aptos\train_images\hf_aptos_01477.png,1,aptos_hf,True,train
hf_aptos_01764,data\raw\aptos\train_images\hf_aptos_01764.png,4,aptos_hf,True,train
hf_aptos_03049,data\raw\aptos\train_images\hf_aptos_03049.png,2,aptos_hf,True,train
hf_aptos_01914,data\raw\aptos\train_images\hf_aptos_01914.png,0,aptos_hf,True,train
hf_aptos_02559,data\raw\aptos\train_images\hf_aptos_02559.png,0,aptos_hf,True,train
hf_aptos_02528,data\raw\aptos\train_images\hf_aptos_02528.png,4,aptos_hf,True,train
hf_aptos_00090,data\raw\aptos\train_images\hf_aptos_00090.png,2,aptos_hf,True,train
hf_aptos_03570,data\raw\aptos\train_images\hf_aptos_03570.png,0,aptos_hf,True,train
hf_aptos_00999,data\raw\aptos\train_images\hf_aptos_00999.png,1,aptos_hf,True,train
hf_aptos_02206,data\raw\aptos\train_images\hf_aptos_02206.png,0,aptos_hf,True,train
hf_aptos_02497,data\raw\aptos\train_images\hf_aptos_02497.png,0,aptos_hf,True,train
hf_aptos_01618,data\raw\aptos\train_images\hf_aptos_01618.png,0,aptos_hf,True,train
hf_aptos_01568,data\raw\aptos\train_images\hf_aptos_01568.png,0,aptos_hf,True,train
hf_aptos_01969,data\raw\aptos\train_images\hf_aptos_01969.png,0,aptos_hf,True,train
hf_aptos_03359,data\raw\aptos\train_images\hf_aptos_03359.png,3,aptos_hf,True,train
hf_aptos_01670,data\raw\aptos\train_images\hf_aptos_01670.png,0,aptos_hf,True,train
hf_aptos_00200,data\raw\aptos\train_images\hf_aptos_00200.png,3,aptos_hf,True,train
hf_aptos_02515,data\raw\aptos\train_images\hf_aptos_02515.png,0,aptos_hf,True,train
hf_aptos_02673,data\raw\aptos\train_images\hf_aptos_02673.png,2,aptos_hf,True,train
hf_aptos_02154,data\raw\aptos\train_images\hf_aptos_02154.png,0,aptos_hf,True,train
hf_aptos_00981,data\raw\aptos\train_images\hf_aptos_00981.png,0,aptos_hf,True,train
hf_aptos_00164,data\raw\aptos\train_images\hf_aptos_00164.png,2,aptos_hf,True,train
hf_aptos_03174,data\raw\aptos\train_images\hf_aptos_03174.png,0,aptos_hf,True,train
hf_aptos_02113,data\raw\aptos\train_images\hf_aptos_02113.png,0,aptos_hf,True,train
hf_aptos_02832,data\raw\aptos\train_images\hf_aptos_02832.png,2,aptos_hf,True,train
hf_aptos_01930,data\raw\aptos\train_images\hf_aptos_01930.png,2,aptos_hf,True,train
hf_aptos_00284,data\raw\aptos\train_images\hf_aptos_00284.png,0,aptos_hf,True,train
hf_aptos_00860,data\raw\aptos\train_images\hf_aptos_00860.png,2,aptos_hf,True,train
hf_aptos_00962,data\raw\aptos\train_images\hf_aptos_00962.png,2,aptos_hf,True,train
hf_aptos_01999,data\raw\aptos\train_images\hf_aptos_01999.png,0,aptos_hf,True,train
hf_aptos_01123,data\raw\aptos\train_images\hf_aptos_01123.png,0,aptos_hf,True,train
hf_aptos_01882,data\raw\aptos\train_images\hf_aptos_01882.png,0,aptos_hf,True,train
hf_aptos_03116,data\raw\aptos\train_images\hf_aptos_03116.png,0,aptos_hf,True,train
hf_aptos_02163,data\raw\aptos\train_images\hf_aptos_02163.png,0,aptos_hf,True,train
hf_aptos_00068,data\raw\aptos\train_images\hf_aptos_00068.png,0,aptos_hf,True,train
hf_aptos_01531,data\raw\aptos\train_images\hf_aptos_01531.png,0,aptos_hf,True,train
hf_aptos_01515,data\raw\aptos\train_images\hf_aptos_01515.png,1,aptos_hf,True,train
hf_aptos_03123,data\raw\aptos\train_images\hf_aptos_03123.png,2,aptos_hf,True,train
hf_aptos_03039,data\raw\aptos\train_images\hf_aptos_03039.png,0,aptos_hf,True,train
hf_aptos_02920,data\raw\aptos\train_images\hf_aptos_02920.png,2,aptos_hf,True,train
hf_aptos_01029,data\raw\aptos\train_images\hf_aptos_01029.png,0,aptos_hf,True,train
hf_aptos_00065,data\raw\aptos\train_images\hf_aptos_00065.png,0,aptos_hf,True,train
hf_aptos_01983,data\raw\aptos\train_images\hf_aptos_01983.png,2,aptos_hf,True,train
hf_aptos_00667,data\raw\aptos\train_images\hf_aptos_00667.png,0,aptos_hf,True,train
hf_aptos_01025,data\raw\aptos\train_images\hf_aptos_01025.png,4,aptos_hf,True,train
hf_aptos_02036,data\raw\aptos\train_images\hf_aptos_02036.png,0,aptos_hf,True,train
hf_aptos_01438,data\raw\aptos\train_images\hf_aptos_01438.png,2,aptos_hf,True,train
hf_aptos_00154,data\raw\aptos\train_images\hf_aptos_00154.png,0,aptos_hf,True,train
hf_aptos_02020,data\raw\aptos\train_images\hf_aptos_02020.png,2,aptos_hf,True,train
hf_aptos_02621,data\raw\aptos\train_images\hf_aptos_02621.png,2,aptos_hf,True,train
hf_aptos_02252,data\raw\aptos\train_images\hf_aptos_02252.png,0,aptos_hf,True,train
hf_aptos_01316,data\raw\aptos\train_images\hf_aptos_01316.png,2,aptos_hf,True,train
hf_aptos_03052,data\raw\aptos\train_images\hf_aptos_03052.png,0,aptos_hf,True,train
hf_aptos_00799,data\raw\aptos\train_images\hf_aptos_00799.png,2,aptos_hf,True,train
hf_aptos_02110,data\raw\aptos\train_images\hf_aptos_02110.png,0,aptos_hf,True,train
hf_aptos_00664,data\raw\aptos\train_images\hf_aptos_00664.png,2,aptos_hf,True,train
hf_aptos_00937,data\raw\aptos\train_images\hf_aptos_00937.png,0,aptos_hf,True,train
hf_aptos_00250,data\raw\aptos\train_images\hf_aptos_00250.png,0,aptos_hf,True,train
hf_aptos_01550,data\raw\aptos\train_images\hf_aptos_01550.png,0,aptos_hf,True,train
hf_aptos_00660,data\raw\aptos\train_images\hf_aptos_00660.png,4,aptos_hf,True,train
hf_aptos_01499,data\raw\aptos\train_images\hf_aptos_01499.png,0,aptos_hf,True,train
hf_aptos_00174,data\raw\aptos\train_images\hf_aptos_00174.png,0,aptos_hf,True,train
hf_aptos_01905,data\raw\aptos\train_images\hf_aptos_01905.png,0,aptos_hf,True,train
hf_aptos_00100,data\raw\aptos\train_images\hf_aptos_00100.png,2,aptos_hf,True,train
hf_aptos_01814,data\raw\aptos\train_images\hf_aptos_01814.png,2,aptos_hf,True,train
hf_aptos_00366,data\raw\aptos\train_images\hf_aptos_00366.png,2,aptos_hf,True,train
hf_aptos_00315,data\raw\aptos\train_images\hf_aptos_00315.png,2,aptos_hf,True,train
hf_aptos_03300,data\raw\aptos\train_images\hf_aptos_03300.png,0,aptos_hf,True,train
hf_aptos_02863,data\raw\aptos\train_images\hf_aptos_02863.png,0,aptos_hf,True,train
hf_aptos_01164,data\raw\aptos\train_images\hf_aptos_01164.png,4,aptos_hf,True,train
hf_aptos_00559,data\raw\aptos\train_images\hf_aptos_00559.png,2,aptos_hf,True,train
hf_aptos_01513,data\raw\aptos\train_images\hf_aptos_01513.png,2,aptos_hf,True,train
hf_aptos_00254,data\raw\aptos\train_images\hf_aptos_00254.png,0,aptos_hf,True,train
hf_aptos_00658,data\raw\aptos\train_images\hf_aptos_00658.png,0,aptos_hf,True,train
hf_aptos_03204,data\raw\aptos\train_images\hf_aptos_03204.png,2,aptos_hf,True,train
hf_aptos_01281,data\raw\aptos\train_images\hf_aptos_01281.png,1,aptos_hf,True,train
hf_aptos_01508,data\raw\aptos\train_images\hf_aptos_01508.png,3,aptos_hf,True,train
hf_aptos_00509,data\raw\aptos\train_images\hf_aptos_00509.png,4,aptos_hf,True,train
hf_aptos_00221,data\raw\aptos\train_images\hf_aptos_00221.png,0,aptos_hf,True,train
hf_aptos_03497,data\raw\aptos\train_images\hf_aptos_03497.png,2,aptos_hf,True,train
hf_aptos_02624,data\raw\aptos\train_images\hf_aptos_02624.png,2,aptos_hf,True,train
hf_aptos_03133,data\raw\aptos\train_images\hf_aptos_03133.png,2,aptos_hf,True,train
hf_aptos_01769,data\raw\aptos\train_images\hf_aptos_01769.png,0,aptos_hf,True,train
hf_aptos_00246,data\raw\aptos\train_images\hf_aptos_00246.png,2,aptos_hf,True,train
hf_aptos_00468,data\raw\aptos\train_images\hf_aptos_00468.png,0,aptos_hf,True,train
hf_aptos_00500,data\raw\aptos\train_images\hf_aptos_00500.png,0,aptos_hf,True,train
hf_aptos_01345,data\raw\aptos\train_images\hf_aptos_01345.png,4,aptos_hf,True,train
hf_aptos_00506,data\raw\aptos\train_images\hf_aptos_00506.png,0,aptos_hf,True,train
hf_aptos_03171,data\raw\aptos\train_images\hf_aptos_03171.png,0,aptos_hf,True,train
hf_aptos_03520,data\raw\aptos\train_images\hf_aptos_03520.png,1,aptos_hf,True,train
hf_aptos_01998,data\raw\aptos\train_images\hf_aptos_01998.png,1,aptos_hf,True,train
hf_aptos_03606,data\raw\aptos\train_images\hf_aptos_03606.png,0,aptos_hf,True,train
hf_aptos_01909,data\raw\aptos\train_images\hf_aptos_01909.png,0,aptos_hf,True,train
hf_aptos_00604,data\raw\aptos\train_images\hf_aptos_00604.png,2,aptos_hf,True,train
hf_aptos_01553,data\raw\aptos\train_images\hf_aptos_01553.png,4,aptos_hf,True,train
hf_aptos_00339,data\raw\aptos\train_images\hf_aptos_00339.png,2,aptos_hf,True,train
hf_aptos_01772,data\raw\aptos\train_images\hf_aptos_01772.png,2,aptos_hf,True,train
hf_aptos_01973,data\raw\aptos\train_images\hf_aptos_01973.png,2,aptos_hf,True,train
hf_aptos_01613,data\raw\aptos\train_images\hf_aptos_01613.png,2,aptos_hf,True,train
hf_aptos_02172,data\raw\aptos\train_images\hf_aptos_02172.png,1,aptos_hf,True,train
hf_aptos_01680,data\raw\aptos\train_images\hf_aptos_01680.png,2,aptos_hf,True,train
hf_aptos_03595,data\raw\aptos\train_images\hf_aptos_03595.png,2,aptos_hf,True,train
hf_aptos_00538,data\raw\aptos\train_images\hf_aptos_00538.png,4,aptos_hf,True,train
hf_aptos_01456,data\raw\aptos\train_images\hf_aptos_01456.png,0,aptos_hf,True,train
hf_aptos_00084,data\raw\aptos\train_images\hf_aptos_00084.png,2,aptos_hf,True,train
hf_aptos_01176,data\raw\aptos\train_images\hf_aptos_01176.png,3,aptos_hf,True,train
hf_aptos_03600,data\raw\aptos\train_images\hf_aptos_03600.png,0,aptos_hf,True,train
hf_aptos_01498,data\raw\aptos\train_images\hf_aptos_01498.png,2,aptos_hf,True,train
hf_aptos_02573,data\raw\aptos\train_images\hf_aptos_02573.png,0,aptos_hf,True,train
hf_aptos_02728,data\raw\aptos\train_images\hf_aptos_02728.png,2,aptos_hf,True,train
hf_aptos_02320,data\raw\aptos\train_images\hf_aptos_02320.png,0,aptos_hf,True,train
hf_aptos_01245,data\raw\aptos\train_images\hf_aptos_01245.png,1,aptos_hf,True,train
hf_aptos_02758,data\raw\aptos\train_images\hf_aptos_02758.png,3,aptos_hf,True,train
hf_aptos_02383,data\raw\aptos\train_images\hf_aptos_02383.png,4,aptos_hf,True,train
hf_aptos_01962,data\raw\aptos\train_images\hf_aptos_01962.png,1,aptos_hf,True,train
hf_aptos_03557,data\raw\aptos\train_images\hf_aptos_03557.png,0,aptos_hf,True,train
hf_aptos_03012,data\raw\aptos\train_images\hf_aptos_03012.png,0,aptos_hf,True,train
hf_aptos_03296,data\raw\aptos\train_images\hf_aptos_03296.png,0,aptos_hf,True,train
hf_aptos_00064,data\raw\aptos\train_images\hf_aptos_00064.png,0,aptos_hf,True,train
hf_aptos_00421,data\raw\aptos\train_images\hf_aptos_00421.png,1,aptos_hf,True,train
hf_aptos_01443,data\raw\aptos\train_images\hf_aptos_01443.png,0,aptos_hf,True,train
hf_aptos_01047,data\raw\aptos\train_images\hf_aptos_01047.png,0,aptos_hf,True,train
hf_aptos_01775,data\raw\aptos\train_images\hf_aptos_01775.png,0,aptos_hf,True,train
hf_aptos_02468,data\raw\aptos\train_images\hf_aptos_02468.png,0,aptos_hf,True,train
hf_aptos_02364,data\raw\aptos\train_images\hf_aptos_02364.png,2,aptos_hf,True,train
hf_aptos_03191,data\raw\aptos\train_images\hf_aptos_03191.png,0,aptos_hf,True,train
hf_aptos_00079,data\raw\aptos\train_images\hf_aptos_00079.png,0,aptos_hf,True,train
hf_aptos_00063,data\raw\aptos\train_images\hf_aptos_00063.png,0,aptos_hf,True,train
hf_aptos_02225,data\raw\aptos\train_images\hf_aptos_02225.png,0,aptos_hf,True,train
hf_aptos_01444,data\raw\aptos\train_images\hf_aptos_01444.png,0,aptos_hf,True,train
hf_aptos_03126,data\raw\aptos\train_images\hf_aptos_03126.png,0,aptos_hf,True,train
hf_aptos_01490,data\raw\aptos\train_images\hf_aptos_01490.png,0,aptos_hf,True,train
hf_aptos_03110,data\raw\aptos\train_images\hf_aptos_03110.png,2,aptos_hf,True,train
hf_aptos_00282,data\raw\aptos\train_images\hf_aptos_00282.png,2,aptos_hf,True,train
hf_aptos_01873,data\raw\aptos\train_images\hf_aptos_01873.png,2,aptos_hf,True,train
hf_aptos_02744,data\raw\aptos\train_images\hf_aptos_02744.png,2,aptos_hf,True,train
hf_aptos_01303,data\raw\aptos\train_images\hf_aptos_01303.png,0,aptos_hf,True,train
hf_aptos_01179,data\raw\aptos\train_images\hf_aptos_01179.png,2,aptos_hf,True,train
hf_aptos_01789,data\raw\aptos\train_images\hf_aptos_01789.png,0,aptos_hf,True,train
hf_aptos_00205,data\raw\aptos\train_images\hf_aptos_00205.png,1,aptos_hf,True,train
hf_aptos_03221,data\raw\aptos\train_images\hf_aptos_03221.png,0,aptos_hf,True,train
hf_aptos_02235,data\raw\aptos\train_images\hf_aptos_02235.png,0,aptos_hf,True,train
hf_aptos_00656,data\raw\aptos\train_images\hf_aptos_00656.png,0,aptos_hf,True,train
hf_aptos_02495,data\raw\aptos\train_images\hf_aptos_02495.png,0,aptos_hf,True,train
hf_aptos_00301,data\raw\aptos\train_images\hf_aptos_00301.png,0,aptos_hf,True,train
hf_aptos_02106,data\raw\aptos\train_images\hf_aptos_02106.png,0,aptos_hf,True,train
hf_aptos_02834,data\raw\aptos\train_images\hf_aptos_02834.png,0,aptos_hf,True,train
hf_aptos_00216,data\raw\aptos\train_images\hf_aptos_00216.png,2,aptos_hf,True,train
hf_aptos_01778,data\raw\aptos\train_images\hf_aptos_01778.png,0,aptos_hf,True,train
hf_aptos_03505,data\raw\aptos\train_images\hf_aptos_03505.png,2,aptos_hf,True,train
hf_aptos_02612,data\raw\aptos\train_images\hf_aptos_02612.png,1,aptos_hf,True,train
hf_aptos_00976,data\raw\aptos\train_images\hf_aptos_00976.png,2,aptos_hf,True,train
hf_aptos_02500,data\raw\aptos\train_images\hf_aptos_02500.png,1,aptos_hf,True,train
hf_aptos_00598,data\raw\aptos\train_images\hf_aptos_00598.png,2,aptos_hf,True,train
hf_aptos_01839,data\raw\aptos\train_images\hf_aptos_01839.png,0,aptos_hf,True,train
hf_aptos_02015,data\raw\aptos\train_images\hf_aptos_02015.png,4,aptos_hf,True,train
hf_aptos_03622,data\raw\aptos\train_images\hf_aptos_03622.png,0,aptos_hf,True,train
hf_aptos_00280,data\raw\aptos\train_images\hf_aptos_00280.png,2,aptos_hf,True,train
hf_aptos_03034,data\raw\aptos\train_images\hf_aptos_03034.png,0,aptos_hf,True,train
hf_aptos_03628,data\raw\aptos\train_images\hf_aptos_03628.png,0,aptos_hf,True,train
hf_aptos_02416,data\raw\aptos\train_images\hf_aptos_02416.png,2,aptos_hf,True,train
hf_aptos_02982,data\raw\aptos\train_images\hf_aptos_02982.png,1,aptos_hf,True,train
hf_aptos_01419,data\raw\aptos\train_images\hf_aptos_01419.png,0,aptos_hf,True,train
hf_aptos_00417,data\raw\aptos\train_images\hf_aptos_00417.png,2,aptos_hf,True,train
hf_aptos_02318,data\raw\aptos\train_images\hf_aptos_02318.png,1,aptos_hf,True,train
hf_aptos_03085,data\raw\aptos\train_images\hf_aptos_03085.png,0,aptos_hf,True,train
hf_aptos_01129,data\raw\aptos\train_images\hf_aptos_01129.png,2,aptos_hf,True,train
hf_aptos_02721,data\raw\aptos\train_images\hf_aptos_02721.png,0,aptos_hf,True,train
hf_aptos_00564,data\raw\aptos\train_images\hf_aptos_00564.png,2,aptos_hf,True,train
hf_aptos_02949,data\raw\aptos\train_images\hf_aptos_02949.png,2,aptos_hf,True,train
hf_aptos_03596,data\raw\aptos\train_images\hf_aptos_03596.png,0,aptos_hf,True,train
hf_aptos_02487,data\raw\aptos\train_images\hf_aptos_02487.png,0,aptos_hf,True,train
hf_aptos_03502,data\raw\aptos\train_images\hf_aptos_03502.png,0,aptos_hf,True,train
hf_aptos_02591,data\raw\aptos\train_images\hf_aptos_02591.png,3,aptos_hf,True,train
hf_aptos_02953,data\raw\aptos\train_images\hf_aptos_02953.png,0,aptos_hf,True,train
hf_aptos_00740,data\raw\aptos\train_images\hf_aptos_00740.png,0,aptos_hf,True,train
hf_aptos_00991,data\raw\aptos\train_images\hf_aptos_00991.png,2,aptos_hf,True,train
hf_aptos_01720,data\raw\aptos\train_images\hf_aptos_01720.png,0,aptos_hf,True,train
hf_aptos_02018,data\raw\aptos\train_images\hf_aptos_02018.png,2,aptos_hf,True,train
hf_aptos_00099,data\raw\aptos\train_images\hf_aptos_00099.png,0,aptos_hf,True,train
hf_aptos_01279,data\raw\aptos\train_images\hf_aptos_01279.png,2,aptos_hf,True,train
hf_aptos_00321,data\raw\aptos\train_images\hf_aptos_00321.png,0,aptos_hf,True,train
hf_aptos_03261,data\raw\aptos\train_images\hf_aptos_03261.png,2,aptos_hf,True,train
hf_aptos_00260,data\raw\aptos\train_images\hf_aptos_00260.png,0,aptos_hf,True,train
hf_aptos_03077,data\raw\aptos\train_images\hf_aptos_03077.png,0,aptos_hf,True,train
hf_aptos_02114,data\raw\aptos\train_images\hf_aptos_02114.png,0,aptos_hf,True,train
hf_aptos_01782,data\raw\aptos\train_images\hf_aptos_01782.png,4,aptos_hf,True,train
hf_aptos_02019,data\raw\aptos\train_images\hf_aptos_02019.png,2,aptos_hf,True,train
hf_aptos_00905,data\raw\aptos\train_images\hf_aptos_00905.png,2,aptos_hf,True,train
hf_aptos_01923,data\raw\aptos\train_images\hf_aptos_01923.png,2,aptos_hf,True,train
hf_aptos_01166,data\raw\aptos\train_images\hf_aptos_01166.png,0,aptos_hf,True,train
hf_aptos_03422,data\raw\aptos\train_images\hf_aptos_03422.png,0,aptos_hf,True,train
hf_aptos_00381,data\raw\aptos\train_images\hf_aptos_00381.png,0,aptos_hf,True,train
hf_aptos_02428,data\raw\aptos\train_images\hf_aptos_02428.png,2,aptos_hf,True,train
hf_aptos_00046,data\raw\aptos\train_images\hf_aptos_00046.png,2,aptos_hf,True,train
hf_aptos_01692,data\raw\aptos\train_images\hf_aptos_01692.png,0,aptos_hf,True,train
hf_aptos_01589,data\raw\aptos\train_images\hf_aptos_01589.png,0,aptos_hf,True,train
hf_aptos_00097,data\raw\aptos\train_images\hf_aptos_00097.png,3,aptos_hf,True,train
hf_aptos_02248,data\raw\aptos\train_images\hf_aptos_02248.png,4,aptos_hf,True,train
hf_aptos_02874,data\raw\aptos\train_images\hf_aptos_02874.png,2,aptos_hf,True,train
hf_aptos_02178,data\raw\aptos\train_images\hf_aptos_02178.png,0,aptos_hf,True,train
hf_aptos_01091,data\raw\aptos\train_images\hf_aptos_01091.png,3,aptos_hf,True,train
hf_aptos_00387,data\raw\aptos\train_images\hf_aptos_00387.png,2,aptos_hf,True,train
hf_aptos_03647,data\raw\aptos\train_images\hf_aptos_03647.png,0,aptos_hf,True,train
hf_aptos_00000,data\raw\aptos\train_images\hf_aptos_00000.png,2,aptos_hf,True,train
hf_aptos_02848,data\raw\aptos\train_images\hf_aptos_02848.png,0,aptos_hf,True,train
hf_aptos_02566,data\raw\aptos\train_images\hf_aptos_02566.png,1,aptos_hf,True,train
hf_aptos_01700,data\raw\aptos\train_images\hf_aptos_01700.png,0,aptos_hf,True,train
hf_aptos_03315,data\raw\aptos\train_images\hf_aptos_03315.png,4,aptos_hf,True,train
hf_aptos_01367,data\raw\aptos\train_images\hf_aptos_01367.png,0,aptos_hf,True,train
hf_aptos_03611,data\raw\aptos\train_images\hf_aptos_03611.png,0,aptos_hf,True,train
hf_aptos_00297,data\raw\aptos\train_images\hf_aptos_00297.png,2,aptos_hf,True,train
hf_aptos_01947,data\raw\aptos\train_images\hf_aptos_01947.png,2,aptos_hf,True,train
hf_aptos_02710,data\raw\aptos\train_images\hf_aptos_02710.png,2,aptos_hf,True,train
hf_aptos_02944,data\raw\aptos\train_images\hf_aptos_02944.png,0,aptos_hf,True,train
hf_aptos_02907,data\raw\aptos\train_images\hf_aptos_02907.png,1,aptos_hf,True,train
hf_aptos_02686,data\raw\aptos\train_images\hf_aptos_02686.png,1,aptos_hf,True,train
hf_aptos_01237,data\raw\aptos\train_images\hf_aptos_01237.png,4,aptos_hf,True,train
hf_aptos_01939,data\raw\aptos\train_images\hf_aptos_01939.png,0,aptos_hf,True,train
hf_aptos_03568,data\raw\aptos\train_images\hf_aptos_03568.png,4,aptos_hf,True,train
hf_aptos_03235,data\raw\aptos\train_images\hf_aptos_03235.png,3,aptos_hf,True,train
hf_aptos_02433,data\raw\aptos\train_images\hf_aptos_02433.png,0,aptos_hf,True,train
hf_aptos_03525,data\raw\aptos\train_images\hf_aptos_03525.png,0,aptos_hf,True,train
hf_aptos_02155,data\raw\aptos\train_images\hf_aptos_02155.png,4,aptos_hf,True,train
hf_aptos_00841,data\raw\aptos\train_images\hf_aptos_00841.png,0,aptos_hf,True,train
hf_aptos_03288,data\raw\aptos\train_images\hf_aptos_03288.png,0,aptos_hf,True,train
hf_aptos_00760,data\raw\aptos\train_images\hf_aptos_00760.png,3,aptos_hf,True,train
hf_aptos_00136,data\raw\aptos\train_images\hf_aptos_00136.png,1,aptos_hf,True,train
hf_aptos_03361,data\raw\aptos\train_images\hf_aptos_03361.png,0,aptos_hf,True,train
hf_aptos_00017,data\raw\aptos\train_images\hf_aptos_00017.png,0,aptos_hf,True,train
hf_aptos_00788,data\raw\aptos\train_images\hf_aptos_00788.png,0,aptos_hf,True,train
hf_aptos_02072,data\raw\aptos\train_images\hf_aptos_02072.png,2,aptos_hf,True,train
hf_aptos_02917,data\raw\aptos\train_images\hf_aptos_02917.png,2,aptos_hf,True,train
hf_aptos_03115,data\raw\aptos\train_images\hf_aptos_03115.png,3,aptos_hf,True,train
hf_aptos_03276,data\raw\aptos\train_images\hf_aptos_03276.png,1,aptos_hf,True,train
hf_aptos_02135,data\raw\aptos\train_images\hf_aptos_02135.png,1,aptos_hf,True,train
hf_aptos_02643,data\raw\aptos\train_images\hf_aptos_02643.png,0,aptos_hf,True,train
hf_aptos_02577,data\raw\aptos\train_images\hf_aptos_02577.png,0,aptos_hf,True,train
hf_aptos_03615,data\raw\aptos\train_images\hf_aptos_03615.png,1,aptos_hf,True,train
hf_aptos_00674,data\raw\aptos\train_images\hf_aptos_00674.png,4,aptos_hf,True,train
hf_aptos_01210,data\raw\aptos\train_images\hf_aptos_01210.png,0,aptos_hf,True,train
hf_aptos_02973,data\raw\aptos\train_images\hf_aptos_02973.png,2,aptos_hf,True,train
hf_aptos_00977,data\raw\aptos\train_images\hf_aptos_00977.png,2,aptos_hf,True,train
hf_aptos_01755,data\raw\aptos\train_images\hf_aptos_01755.png,0,aptos_hf,True,train
hf_aptos_00085,data\raw\aptos\train_images\hf_aptos_00085.png,0,aptos_hf,True,train
hf_aptos_00665,data\raw\aptos\train_images\hf_aptos_00665.png,4,aptos_hf,True,train
hf_aptos_01188,data\raw\aptos\train_images\hf_aptos_01188.png,0,aptos_hf,True,train
hf_aptos_01722,data\raw\aptos\train_images\hf_aptos_01722.png,0,aptos_hf,True,train
hf_aptos_03443,data\raw\aptos\train_images\hf_aptos_03443.png,0,aptos_hf,True,train
hf_aptos_01229,data\raw\aptos\train_images\hf_aptos_01229.png,0,aptos_hf,True,train
hf_aptos_01688,data\raw\aptos\train_images\hf_aptos_01688.png,2,aptos_hf,True,train
hf_aptos_03213,data\raw\aptos\train_images\hf_aptos_03213.png,0,aptos_hf,True,train
hf_aptos_02983,data\raw\aptos\train_images\hf_aptos_02983.png,0,aptos_hf,True,train
hf_aptos_01787,data\raw\aptos\train_images\hf_aptos_01787.png,0,aptos_hf,True,train
hf_aptos_01003,data\raw\aptos\train_images\hf_aptos_01003.png,0,aptos_hf,True,train
hf_aptos_01697,data\raw\aptos\train_images\hf_aptos_01697.png,2,aptos_hf,True,train
hf_aptos_01614,data\raw\aptos\train_images\hf_aptos_01614.png,0,aptos_hf,True,train
hf_aptos_01938,data\raw\aptos\train_images\hf_aptos_01938.png,0,aptos_hf,True,train
hf_aptos_01059,data\raw\aptos\train_images\hf_aptos_01059.png,0,aptos_hf,True,train
hf_aptos_01297,data\raw\aptos\train_images\hf_aptos_01297.png,0,aptos_hf,True,train
hf_aptos_03417,data\raw\aptos\train_images\hf_aptos_03417.png,3,aptos_hf,True,train
hf_aptos_01693,data\raw\aptos\train_images\hf_aptos_01693.png,0,aptos_hf,True,train
hf_aptos_02208,data\raw\aptos\train_images\hf_aptos_02208.png,2,aptos_hf,True,train
hf_aptos_02327,data\raw\aptos\train_images\hf_aptos_02327.png,0,aptos_hf,True,train
hf_aptos_00744,data\raw\aptos\train_images\hf_aptos_00744.png,1,aptos_hf,True,train
hf_aptos_00600,data\raw\aptos\train_images\hf_aptos_00600.png,0,aptos_hf,True,train
hf_aptos_01605,data\raw\aptos\train_images\hf_aptos_01605.png,4,aptos_hf,True,train
hf_aptos_01681,data\raw\aptos\train_images\hf_aptos_01681.png,0,aptos_hf,True,train
hf_aptos_02821,data\raw\aptos\train_images\hf_aptos_02821.png,3,aptos_hf,True,train
hf_aptos_01269,data\raw\aptos\train_images\hf_aptos_01269.png,1,aptos_hf,True,train
hf_aptos_01474,data\raw\aptos\train_images\hf_aptos_01474.png,3,aptos_hf,True,train
hf_aptos_01471,data\raw\aptos\train_images\hf_aptos_01471.png,1,aptos_hf,True,train
hf_aptos_00623,data\raw\aptos\train_images\hf_aptos_00623.png,4,aptos_hf,True,train
hf_aptos_02541,data\raw\aptos\train_images\hf_aptos_02541.png,0,aptos_hf,True,train
hf_aptos_01236,data\raw\aptos\train_images\hf_aptos_01236.png,1,aptos_hf,True,train
hf_aptos_03466,data\raw\aptos\train_images\hf_aptos_03466.png,0,aptos_hf,True,train
hf_aptos_02928,data\raw\aptos\train_images\hf_aptos_02928.png,0,aptos_hf,True,train
hf_aptos_02002,data\raw\aptos\train_images\hf_aptos_02002.png,2,aptos_hf,True,train
hf_aptos_02127,data\raw\aptos\train_images\hf_aptos_02127.png,1,aptos_hf,True,train
hf_aptos_02534,data\raw\aptos\train_images\hf_aptos_02534.png,0,aptos_hf,True,train
hf_aptos_03414,data\raw\aptos\train_images\hf_aptos_03414.png,4,aptos_hf,True,train
hf_aptos_03074,data\raw\aptos\train_images\hf_aptos_03074.png,2,aptos_hf,True,train
hf_aptos_03264,data\raw\aptos\train_images\hf_aptos_03264.png,2,aptos_hf,True,train
hf_aptos_01509,data\raw\aptos\train_images\hf_aptos_01509.png,0,aptos_hf,True,train
hf_aptos_00122,data\raw\aptos\train_images\hf_aptos_00122.png,2,aptos_hf,True,train
hf_aptos_00621,data\raw\aptos\train_images\hf_aptos_00621.png,3,aptos_hf,True,train
hf_aptos_01674,data\raw\aptos\train_images\hf_aptos_01674.png,0,aptos_hf,True,train
hf_aptos_03214,data\raw\aptos\train_images\hf_aptos_03214.png,0,aptos_hf,True,train
hf_aptos_02827,data\raw\aptos\train_images\hf_aptos_02827.png,4,aptos_hf,True,train
hf_aptos_00939,data\raw\aptos\train_images\hf_aptos_00939.png,1,aptos_hf,True,train
hf_aptos_00025,data\raw\aptos\train_images\hf_aptos_00025.png,2,aptos_hf,True,train
hf_aptos_03211,data\raw\aptos\train_images\hf_aptos_03211.png,4,aptos_hf,True,train
hf_aptos_00907,data\raw\aptos\train_images\hf_aptos_00907.png,2,aptos_hf,True,train
hf_aptos_01433,data\raw\aptos\train_images\hf_aptos_01433.png,0,aptos_hf,True,train
hf_aptos_01802,data\raw\aptos\train_images\hf_aptos_01802.png,0,aptos_hf,True,train
hf_aptos_00871,data\raw\aptos\train_images\hf_aptos_00871.png,2,aptos_hf,True,train
hf_aptos_00358,data\raw\aptos\train_images\hf_aptos_00358.png,0,aptos_hf,True,train
hf_aptos_03644,data\raw\aptos\train_images\hf_aptos_03644.png,0,aptos_hf,True,train
hf_aptos_02816,data\raw\aptos\train_images\hf_aptos_02816.png,0,aptos_hf,True,train
hf_aptos_02809,data\raw\aptos\train_images\hf_aptos_02809.png,2,aptos_hf,True,train
hf_aptos_02469,data\raw\aptos\train_images\hf_aptos_02469.png,0,aptos_hf,True,train
hf_aptos_03660,data\raw\aptos\train_images\hf_aptos_03660.png,0,aptos_hf,True,train
hf_aptos_00177,data\raw\aptos\train_images\hf_aptos_00177.png,1,aptos_hf,True,train
hf_aptos_00143,data\raw\aptos\train_images\hf_aptos_00143.png,2,aptos_hf,True,train
hf_aptos_00776,data\raw\aptos\train_images\hf_aptos_00776.png,0,aptos_hf,True,train
hf_aptos_01445,data\raw\aptos\train_images\hf_aptos_01445.png,0,aptos_hf,True,train
hf_aptos_02289,data\raw\aptos\train_images\hf_aptos_02289.png,4,aptos_hf,True,train
hf_aptos_02623,data\raw\aptos\train_images\hf_aptos_02623.png,0,aptos_hf,True,train
hf_aptos_02397,data\raw\aptos\train_images\hf_aptos_02397.png,2,aptos_hf,True,train
hf_aptos_01582,data\raw\aptos\train_images\hf_aptos_01582.png,3,aptos_hf,True,train
hf_aptos_00265,data\raw\aptos\train_images\hf_aptos_00265.png,2,aptos_hf,True,train
hf_aptos_02192,data\raw\aptos\train_images\hf_aptos_02192.png,1,aptos_hf,True,train
hf_aptos_00123,data\raw\aptos\train_images\hf_aptos_00123.png,2,aptos_hf,True,train
hf_aptos_01485,data\raw\aptos\train_images\hf_aptos_01485.png,2,aptos_hf,True,train
hf_aptos_01821,data\raw\aptos\train_images\hf_aptos_01821.png,2,aptos_hf,True,train
hf_aptos_01867,data\raw\aptos\train_images\hf_aptos_01867.png,0,aptos_hf,True,train
hf_aptos_01147,data\raw\aptos\train_images\hf_aptos_01147.png,0,aptos_hf,True,train
hf_aptos_00767,data\raw\aptos\train_images\hf_aptos_00767.png,0,aptos_hf,True,train
hf_aptos_01554,data\raw\aptos\train_images\hf_aptos_01554.png,1,aptos_hf,True,train
hf_aptos_02449,data\raw\aptos\train_images\hf_aptos_02449.png,0,aptos_hf,True,train
hf_aptos_03195,data\raw\aptos\train_images\hf_aptos_03195.png,0,aptos_hf,True,train
hf_aptos_02732,data\raw\aptos\train_images\hf_aptos_02732.png,0,aptos_hf,True,train
hf_aptos_00272,data\raw\aptos\train_images\hf_aptos_00272.png,0,aptos_hf,True,train
hf_aptos_03350,data\raw\aptos\train_images\hf_aptos_03350.png,2,aptos_hf,True,train
hf_aptos_03643,data\raw\aptos\train_images\hf_aptos_03643.png,0,aptos_hf,True,train
hf_aptos_00383,data\raw\aptos\train_images\hf_aptos_00383.png,0,aptos_hf,True,train
hf_aptos_02892,data\raw\aptos\train_images\hf_aptos_02892.png,0,aptos_hf,True,train
hf_aptos_01342,data\raw\aptos\train_images\hf_aptos_01342.png,0,aptos_hf,True,train
hf_aptos_02960,data\raw\aptos\train_images\hf_aptos_02960.png,2,aptos_hf,True,train
hf_aptos_03507,data\raw\aptos\train_images\hf_aptos_03507.png,1,aptos_hf,True,train
hf_aptos_03608,data\raw\aptos\train_images\hf_aptos_03608.png,2,aptos_hf,True,train
hf_aptos_01536,data\raw\aptos\train_images\hf_aptos_01536.png,0,aptos_hf,True,train
hf_aptos_02157,data\raw\aptos\train_images\hf_aptos_02157.png,0,aptos_hf,True,train
hf_aptos_02466,data\raw\aptos\train_images\hf_aptos_02466.png,0,aptos_hf,True,train
hf_aptos_00262,data\raw\aptos\train_images\hf_aptos_00262.png,2,aptos_hf,True,train
hf_aptos_01826,data\raw\aptos\train_images\hf_aptos_01826.png,0,aptos_hf,True,train
hf_aptos_02747,data\raw\aptos\train_images\hf_aptos_02747.png,0,aptos_hf,True,train
hf_aptos_01469,data\raw\aptos\train_images\hf_aptos_01469.png,2,aptos_hf,True,train
hf_aptos_03059,data\raw\aptos\train_images\hf_aptos_03059.png,0,aptos_hf,True,train
hf_aptos_01136,data\raw\aptos\train_images\hf_aptos_01136.png,3,aptos_hf,True,train
hf_aptos_00777,data\raw\aptos\train_images\hf_aptos_00777.png,2,aptos_hf,True,train
hf_aptos_00450,data\raw\aptos\train_images\hf_aptos_00450.png,0,aptos_hf,True,train
hf_aptos_02381,data\raw\aptos\train_images\hf_aptos_02381.png,0,aptos_hf,True,train
hf_aptos_01488,data\raw\aptos\train_images\hf_aptos_01488.png,1,aptos_hf,True,train
hf_aptos_02942,data\raw\aptos\train_images\hf_aptos_02942.png,2,aptos_hf,True,train
hf_aptos_03631,data\raw\aptos\train_images\hf_aptos_03631.png,4,aptos_hf,True,train
hf_aptos_00459,data\raw\aptos\train_images\hf_aptos_00459.png,2,aptos_hf,True,train
hf_aptos_03518,data\raw\aptos\train_images\hf_aptos_03518.png,0,aptos_hf,True,train
hf_aptos_00925,data\raw\aptos\train_images\hf_aptos_00925.png,0,aptos_hf,True,train
hf_aptos_02548,data\raw\aptos\train_images\hf_aptos_02548.png,1,aptos_hf,True,train
hf_aptos_03371,data\raw\aptos\train_images\hf_aptos_03371.png,2,aptos_hf,True,train
hf_aptos_02391,data\raw\aptos\train_images\hf_aptos_02391.png,0,aptos_hf,True,train
hf_aptos_00463,data\raw\aptos\train_images\hf_aptos_00463.png,0,aptos_hf,True,train
hf_aptos_03089,data\raw\aptos\train_images\hf_aptos_03089.png,0,aptos_hf,True,train
hf_aptos_03355,data\raw\aptos\train_images\hf_aptos_03355.png,0,aptos_hf,True,train
hf_aptos_01121,data\raw\aptos\train_images\hf_aptos_01121.png,2,aptos_hf,True,train
hf_aptos_02366,data\raw\aptos\train_images\hf_aptos_02366.png,0,aptos_hf,True,train
hf_aptos_02444,data\raw\aptos\train_images\hf_aptos_02444.png,2,aptos_hf,True,train
hf_aptos_00067,data\raw\aptos\train_images\hf_aptos_00067.png,2,aptos_hf,True,train
hf_aptos_00734,data\raw\aptos\train_images\hf_aptos_00734.png,0,aptos_hf,True,train
hf_aptos_00808,data\raw\aptos\train_images\hf_aptos_00808.png,4,aptos_hf,True,train
hf_aptos_01785,data\raw\aptos\train_images\hf_aptos_01785.png,0,aptos_hf,True,train
hf_aptos_02692,data\raw\aptos\train_images\hf_aptos_02692.png,4,aptos_hf,True,train
hf_aptos_02593,data\raw\aptos\train_images\hf_aptos_02593.png,2,aptos_hf,True,train
hf_aptos_02869,data\raw\aptos\train_images\hf_aptos_02869.png,2,aptos_hf,True,train
hf_aptos_00229,data\raw\aptos\train_images\hf_aptos_00229.png,0,aptos_hf,True,train
hf_aptos_00460,data\raw\aptos\train_images\hf_aptos_00460.png,2,aptos_hf,True,train
hf_aptos_03510,data\raw\aptos\train_images\hf_aptos_03510.png,0,aptos_hf,True,train
hf_aptos_02796,data\raw\aptos\train_images\hf_aptos_02796.png,0,aptos_hf,True,train
hf_aptos_02447,data\raw\aptos\train_images\hf_aptos_02447.png,0,aptos_hf,True,train
hf_aptos_03000,data\raw\aptos\train_images\hf_aptos_03000.png,2,aptos_hf,True,train
hf_aptos_03113,data\raw\aptos\train_images\hf_aptos_03113.png,0,aptos_hf,True,train
hf_aptos_01650,data\raw\aptos\train_images\hf_aptos_01650.png,0,aptos_hf,True,train
hf_aptos_00527,data\raw\aptos\train_images\hf_aptos_00527.png,0,aptos_hf,True,train
hf_aptos_03065,data\raw\aptos\train_images\hf_aptos_03065.png,0,aptos_hf,True,train
hf_aptos_00146,data\raw\aptos\train_images\hf_aptos_00146.png,1,aptos_hf,True,train
hf_aptos_01884,data\raw\aptos\train_images\hf_aptos_01884.png,0,aptos_hf,True,train
hf_aptos_01617,data\raw\aptos\train_images\hf_aptos_01617.png,0,aptos_hf,True,train
hf_aptos_01521,data\raw\aptos\train_images\hf_aptos_01521.png,0,aptos_hf,True,train
hf_aptos_02565,data\raw\aptos\train_images\hf_aptos_02565.png,0,aptos_hf,True,train
hf_aptos_00923,data\raw\aptos\train_images\hf_aptos_00923.png,2,aptos_hf,True,train
hf_aptos_00617,data\raw\aptos\train_images\hf_aptos_00617.png,0,aptos_hf,True,train
hf_aptos_00433,data\raw\aptos\train_images\hf_aptos_00433.png,4,aptos_hf,True,train
hf_aptos_00798,data\raw\aptos\train_images\hf_aptos_00798.png,0,aptos_hf,True,train
hf_aptos_01189,data\raw\aptos\train_images\hf_aptos_01189.png,2,aptos_hf,True,train
hf_aptos_00984,data\raw\aptos\train_images\hf_aptos_00984.png,2,aptos_hf,True,train
hf_aptos_01616,data\raw\aptos\train_images\hf_aptos_01616.png,0,aptos_hf,True,train
hf_aptos_00989,data\raw\aptos\train_images\hf_aptos_00989.png,4,aptos_hf,True,train
hf_aptos_02226,data\raw\aptos\train_images\hf_aptos_02226.png,3,aptos_hf,True,train
hf_aptos_02481,data\raw\aptos\train_images\hf_aptos_02481.png,0,aptos_hf,True,train
hf_aptos_02912,data\raw\aptos\train_images\hf_aptos_02912.png,1,aptos_hf,True,train
hf_aptos_00066,data\raw\aptos\train_images\hf_aptos_00066.png,2,aptos_hf,True,train
hf_aptos_02596,data\raw\aptos\train_images\hf_aptos_02596.png,0,aptos_hf,True,train
hf_aptos_01640,data\raw\aptos\train_images\hf_aptos_01640.png,2,aptos_hf,True,train
hf_aptos_01643,data\raw\aptos\train_images\hf_aptos_01643.png,1,aptos_hf,True,train
hf_aptos_02291,data\raw\aptos\train_images\hf_aptos_02291.png,0,aptos_hf,True,train
hf_aptos_03624,data\raw\aptos\train_images\hf_aptos_03624.png,0,aptos_hf,True,train
hf_aptos_01372,data\raw\aptos\train_images\hf_aptos_01372.png,1,aptos_hf,True,train
hf_aptos_01268,data\raw\aptos\train_images\hf_aptos_01268.png,0,aptos_hf,True,train
hf_aptos_01733,data\raw\aptos\train_images\hf_aptos_01733.png,0,aptos_hf,True,train
hf_aptos_03347,data\raw\aptos\train_images\hf_aptos_03347.png,0,aptos_hf,True,train
hf_aptos_00876,data\raw\aptos\train_images\hf_aptos_00876.png,1,aptos_hf,True,train
hf_aptos_02812,data\raw\aptos\train_images\hf_aptos_02812.png,0,aptos_hf,True,train
hf_aptos_02768,data\raw\aptos\train_images\hf_aptos_02768.png,0,aptos_hf,True,train
hf_aptos_01159,data\raw\aptos\train_images\hf_aptos_01159.png,1,aptos_hf,True,train
hf_aptos_00045,data\raw\aptos\train_images\hf_aptos_00045.png,1,aptos_hf,True,train
hf_aptos_01676,data\raw\aptos\train_images\hf_aptos_01676.png,1,aptos_hf,True,train
hf_aptos_00856,data\raw\aptos\train_images\hf_aptos_00856.png,2,aptos_hf,True,train
hf_aptos_02337,data\raw\aptos\train_images\hf_aptos_02337.png,2,aptos_hf,True,train
hf_aptos_01934,data\raw\aptos\train_images\hf_aptos_01934.png,0,aptos_hf,True,train
hf_aptos_01127,data\raw\aptos\train_images\hf_aptos_01127.png,2,aptos_hf,True,train
hf_aptos_02243,data\raw\aptos\train_images\hf_aptos_02243.png,0,aptos_hf,True,train
hf_aptos_01542,data\raw\aptos\train_images\hf_aptos_01542.png,0,aptos_hf,True,train
hf_aptos_03501,data\raw\aptos\train_images\hf_aptos_03501.png,2,aptos_hf,True,train
hf_aptos_01913,data\raw\aptos\train_images\hf_aptos_01913.png,0,aptos_hf,True,train
hf_aptos_00846,data\raw\aptos\train_images\hf_aptos_00846.png,4,aptos_hf,True,train
hf_aptos_03541,data\raw\aptos\train_images\hf_aptos_03541.png,0,aptos_hf,True,train
hf_aptos_00712,data\raw\aptos\train_images\hf_aptos_00712.png,0,aptos_hf,True,train
hf_aptos_00465,data\raw\aptos\train_images\hf_aptos_00465.png,4,aptos_hf,True,train
hf_aptos_00869,data\raw\aptos\train_images\hf_aptos_00869.png,2,aptos_hf,True,train
hf_aptos_03374,data\raw\aptos\train_images\hf_aptos_03374.png,0,aptos_hf,True,train
hf_aptos_00182,data\raw\aptos\train_images\hf_aptos_00182.png,0,aptos_hf,True,train
hf_aptos_00655,data\raw\aptos\train_images\hf_aptos_00655.png,1,aptos_hf,True,train
hf_aptos_01718,data\raw\aptos\train_images\hf_aptos_01718.png,0,aptos_hf,True,train
hf_aptos_02298,data\raw\aptos\train_images\hf_aptos_02298.png,3,aptos_hf,True,train
hf_aptos_01427,data\raw\aptos\train_images\hf_aptos_01427.png,0,aptos_hf,True,train
hf_aptos_01458,data\raw\aptos\train_images\hf_aptos_01458.png,0,aptos_hf,True,train
hf_aptos_01657,data\raw\aptos\train_images\hf_aptos_01657.png,0,aptos_hf,True,train
hf_aptos_02264,data\raw\aptos\train_images\hf_aptos_02264.png,0,aptos_hf,True,train
hf_aptos_02145,data\raw\aptos\train_images\hf_aptos_02145.png,2,aptos_hf,True,train
hf_aptos_02921,data\raw\aptos\train_images\hf_aptos_02921.png,0,aptos_hf,True,train
hf_aptos_00388,data\raw\aptos\train_images\hf_aptos_00388.png,2,aptos_hf,True,train
hf_aptos_02445,data\raw\aptos\train_images\hf_aptos_02445.png,0,aptos_hf,True,train
hf_aptos_03357,data\raw\aptos\train_images\hf_aptos_03357.png,1,aptos_hf,True,train
hf_aptos_01517,data\raw\aptos\train_images\hf_aptos_01517.png,3,aptos_hf,True,train
hf_aptos_00131,data\raw\aptos\train_images\hf_aptos_00131.png,2,aptos_hf,True,train
hf_aptos_00308,data\raw\aptos\train_images\hf_aptos_00308.png,0,aptos_hf,True,train
hf_aptos_03412,data\raw\aptos\train_images\hf_aptos_03412.png,0,aptos_hf,True,train
hf_aptos_01010,data\raw\aptos\train_images\hf_aptos_01010.png,2,aptos_hf,True,train
hf_aptos_03135,data\raw\aptos\train_images\hf_aptos_03135.png,0,aptos_hf,True,train
hf_aptos_00758,data\raw\aptos\train_images\hf_aptos_00758.png,1,aptos_hf,True,train
hf_aptos_01331,data\raw\aptos\train_images\hf_aptos_01331.png,0,aptos_hf,True,train
hf_aptos_02626,data\raw\aptos\train_images\hf_aptos_02626.png,0,aptos_hf,True,train
hf_aptos_02387,data\raw\aptos\train_images\hf_aptos_02387.png,0,aptos_hf,True,train
hf_aptos_03046,data\raw\aptos\train_images\hf_aptos_03046.png,0,aptos_hf,True,train
hf_aptos_02379,data\raw\aptos\train_images\hf_aptos_02379.png,0,aptos_hf,True,train
hf_aptos_00573,data\raw\aptos\train_images\hf_aptos_00573.png,0,aptos_hf,True,train
hf_aptos_02238,data\raw\aptos\train_images\hf_aptos_02238.png,0,aptos_hf,True,train
hf_aptos_01793,data\raw\aptos\train_images\hf_aptos_01793.png,0,aptos_hf,True,train
hf_aptos_03249,data\raw\aptos\train_images\hf_aptos_03249.png,2,aptos_hf,True,train
hf_aptos_03157,data\raw\aptos\train_images\hf_aptos_03157.png,4,aptos_hf,True,train
hf_aptos_00435,data\raw\aptos\train_images\hf_aptos_00435.png,2,aptos_hf,True,train
hf_aptos_00183,data\raw\aptos\train_images\hf_aptos_00183.png,0,aptos_hf,True,train
hf_aptos_02056,data\raw\aptos\train_images\hf_aptos_02056.png,0,aptos_hf,True,train
hf_aptos_02191,data\raw\aptos\train_images\hf_aptos_02191.png,2,aptos_hf,True,train
hf_aptos_00199,data\raw\aptos\train_images\hf_aptos_00199.png,0,aptos_hf,True,train
hf_aptos_02453,data\raw\aptos\train_images\hf_aptos_02453.png,0,aptos_hf,True,train
hf_aptos_02284,data\raw\aptos\train_images\hf_aptos_02284.png,0,aptos_hf,True,train
hf_aptos_02276,data\raw\aptos\train_images\hf_aptos_02276.png,0,aptos_hf,True,train
hf_aptos_01628,data\raw\aptos\train_images\hf_aptos_01628.png,2,aptos_hf,True,train
hf_aptos_00151,data\raw\aptos\train_images\hf_aptos_00151.png,2,aptos_hf,True,train
hf_aptos_00717,data\raw\aptos\train_images\hf_aptos_00717.png,1,aptos_hf,True,train
hf_aptos_02017,data\raw\aptos\train_images\hf_aptos_02017.png,1,aptos_hf,True,train
hf_aptos_02537,data\raw\aptos\train_images\hf_aptos_02537.png,2,aptos_hf,True,train
hf_aptos_02307,data\raw\aptos\train_images\hf_aptos_02307.png,2,aptos_hf,True,train
hf_aptos_02211,data\raw\aptos\train_images\hf_aptos_02211.png,0,aptos_hf,True,train
hf_aptos_01262,data\raw\aptos\train_images\hf_aptos_01262.png,0,aptos_hf,True,train
hf_aptos_02161,data\raw\aptos\train_images\hf_aptos_02161.png,0,aptos_hf,True,train
hf_aptos_00575,data\raw\aptos\train_images\hf_aptos_00575.png,0,aptos_hf,True,train
hf_aptos_01140,data\raw\aptos\train_images\hf_aptos_01140.png,0,aptos_hf,True,train
hf_aptos_03528,data\raw\aptos\train_images\hf_aptos_03528.png,0,aptos_hf,True,train
hf_aptos_00118,data\raw\aptos\train_images\hf_aptos_00118.png,0,aptos_hf,True,train
hf_aptos_02336,data\raw\aptos\train_images\hf_aptos_02336.png,0,aptos_hf,True,train
hf_aptos_01250,data\raw\aptos\train_images\hf_aptos_01250.png,2,aptos_hf,True,train
hf_aptos_01100,data\raw\aptos\train_images\hf_aptos_01100.png,1,aptos_hf,True,train
hf_aptos_02763,data\raw\aptos\train_images\hf_aptos_02763.png,0,aptos_hf,True,train
hf_aptos_02166,data\raw\aptos\train_images\hf_aptos_02166.png,3,aptos_hf,True,train
hf_aptos_00475,data\raw\aptos\train_images\hf_aptos_00475.png,4,aptos_hf,True,train
hf_aptos_02158,data\raw\aptos\train_images\hf_aptos_02158.png,2,aptos_hf,True,train
hf_aptos_02116,data\raw\aptos\train_images\hf_aptos_02116.png,1,aptos_hf,True,train
hf_aptos_00666,data\raw\aptos\train_images\hf_aptos_00666.png,0,aptos_hf,True,train
hf_aptos_00390,data\raw\aptos\train_images\hf_aptos_00390.png,0,aptos_hf,True,train
hf_aptos_02105,data\raw\aptos\train_images\hf_aptos_02105.png,0,aptos_hf,True,train
hf_aptos_01961,data\raw\aptos\train_images\hf_aptos_01961.png,3,aptos_hf,True,train
hf_aptos_03537,data\raw\aptos\train_images\hf_aptos_03537.png,0,aptos_hf,True,train
hf_aptos_02767,data\raw\aptos\train_images\hf_aptos_02767.png,3,aptos_hf,True,train
hf_aptos_01328,data\raw\aptos\train_images\hf_aptos_01328.png,4,aptos_hf,True,train
hf_aptos_00854,data\raw\aptos\train_images\hf_aptos_00854.png,2,aptos_hf,True,train
hf_aptos_01413,data\raw\aptos\train_images\hf_aptos_01413.png,2,aptos_hf,True,train
hf_aptos_01783,data\raw\aptos\train_images\hf_aptos_01783.png,3,aptos_hf,True,train
hf_aptos_02711,data\raw\aptos\train_images\hf_aptos_02711.png,0,aptos_hf,True,train
hf_aptos_00490,data\raw\aptos\train_images\hf_aptos_00490.png,0,aptos_hf,True,train
hf_aptos_01294,data\raw\aptos\train_images\hf_aptos_01294.png,1,aptos_hf,True,train
hf_aptos_00625,data\raw\aptos\train_images\hf_aptos_00625.png,2,aptos_hf,True,train
hf_aptos_00410,data\raw\aptos\train_images\hf_aptos_00410.png,0,aptos_hf,True,train
hf_aptos_03509,data\raw\aptos\train_images\hf_aptos_03509.png,0,aptos_hf,True,train
hf_aptos_02867,data\raw\aptos\train_images\hf_aptos_02867.png,2,aptos_hf,True,train
hf_aptos_01845,data\raw\aptos\train_images\hf_aptos_01845.png,1,aptos_hf,True,train
hf_aptos_02557,data\raw\aptos\train_images\hf_aptos_02557.png,2,aptos_hf,True,train
hf_aptos_02394,data\raw\aptos\train_images\hf_aptos_02394.png,0,aptos_hf,True,train
hf_aptos_03256,data\raw\aptos\train_images\hf_aptos_03256.png,0,aptos_hf,True,train
hf_aptos_01791,data\raw\aptos\train_images\hf_aptos_01791.png,0,aptos_hf,True,train
hf_aptos_00239,data\raw\aptos\train_images\hf_aptos_00239.png,2,aptos_hf,True,train
hf_aptos_00820,data\raw\aptos\train_images\hf_aptos_00820.png,0,aptos_hf,True,train
hf_aptos_02279,data\raw\aptos\train_images\hf_aptos_02279.png,0,aptos_hf,True,train
hf_aptos_00909,data\raw\aptos\train_images\hf_aptos_00909.png,0,aptos_hf,True,train
hf_aptos_03027,data\raw\aptos\train_images\hf_aptos_03027.png,0,aptos_hf,True,train
hf_aptos_03272,data\raw\aptos\train_images\hf_aptos_03272.png,4,aptos_hf,True,train
hf_aptos_01910,data\raw\aptos\train_images\hf_aptos_01910.png,3,aptos_hf,True,train
hf_aptos_01491,data\raw\aptos\train_images\hf_aptos_01491.png,2,aptos_hf,True,train
hf_aptos_00628,data\raw\aptos\train_images\hf_aptos_00628.png,0,aptos_hf,True,train
hf_aptos_02625,data\raw\aptos\train_images\hf_aptos_02625.png,2,aptos_hf,True,train
hf_aptos_02266,data\raw\aptos\train_images\hf_aptos_02266.png,0,aptos_hf,True,train
hf_aptos_01626,data\raw\aptos\train_images\hf_aptos_01626.png,0,aptos_hf,True,train
hf_aptos_00484,data\raw\aptos\train_images\hf_aptos_00484.png,2,aptos_hf,True,train
hf_aptos_02787,data\raw\aptos\train_images\hf_aptos_02787.png,0,aptos_hf,True,train
hf_aptos_00263,data\raw\aptos\train_images\hf_aptos_00263.png,0,aptos_hf,True,train
hf_aptos_00503,data\raw\aptos\train_images\hf_aptos_00503.png,2,aptos_hf,True,train
hf_aptos_02851,data\raw\aptos\train_images\hf_aptos_02851.png,0,aptos_hf,True,train
hf_aptos_00207,data\raw\aptos\train_images\hf_aptos_00207.png,3,aptos_hf,True,train
hf_aptos_00882,data\raw\aptos\train_images\hf_aptos_00882.png,2,aptos_hf,True,train
hf_aptos_02435,data\raw\aptos\train_images\hf_aptos_02435.png,2,aptos_hf,True,train
hf_aptos_00790,data\raw\aptos\train_images\hf_aptos_00790.png,2,aptos_hf,True,train
hf_aptos_03004,data\raw\aptos\train_images\hf_aptos_03004.png,2,aptos_hf,True,train
hf_aptos_00407,data\raw\aptos\train_images\hf_aptos_00407.png,0,aptos_hf,True,train
hf_aptos_00756,data\raw\aptos\train_images\hf_aptos_00756.png,2,aptos_hf,True,train
hf_aptos_02597,data\raw\aptos\train_images\hf_aptos_02597.png,2,aptos_hf,True,train
hf_aptos_01247,data\raw\aptos\train_images\hf_aptos_01247.png,2,aptos_hf,True,train
hf_aptos_02753,data\raw\aptos\train_images\hf_aptos_02753.png,0,aptos_hf,True,train
hf_aptos_03352,data\raw\aptos\train_images\hf_aptos_03352.png,3,aptos_hf,True,train
hf_aptos_02669,data\raw\aptos\train_images\hf_aptos_02669.png,2,aptos_hf,True,train
hf_aptos_02089,data\raw\aptos\train_images\hf_aptos_02089.png,2,aptos_hf,True,train
hf_aptos_02678,data\raw\aptos\train_images\hf_aptos_02678.png,3,aptos_hf,True,train
hf_aptos_02140,data\raw\aptos\train_images\hf_aptos_02140.png,2,aptos_hf,True,train
hf_aptos_00778,data\raw\aptos\train_images\hf_aptos_00778.png,3,aptos_hf,True,train
hf_aptos_02448,data\raw\aptos\train_images\hf_aptos_02448.png,2,aptos_hf,True,train
hf_aptos_00822,data\raw\aptos\train_images\hf_aptos_00822.png,4,aptos_hf,True,train
hf_aptos_02592,data\raw\aptos\train_images\hf_aptos_02592.png,0,aptos_hf,True,train
hf_aptos_02167,data\raw\aptos\train_images\hf_aptos_02167.png,0,aptos_hf,True,train
hf_aptos_01251,data\raw\aptos\train_images\hf_aptos_01251.png,4,aptos_hf,True,train
hf_aptos_03226,data\raw\aptos\train_images\hf_aptos_03226.png,2,aptos_hf,True,train
hf_aptos_03533,data\raw\aptos\train_images\hf_aptos_03533.png,4,aptos_hf,True,train
hf_aptos_02575,data\raw\aptos\train_images\hf_aptos_02575.png,0,aptos_hf,True,train
hf_aptos_02991,data\raw\aptos\train_images\hf_aptos_02991.png,0,aptos_hf,True,train
hf_aptos_00167,data\raw\aptos\train_images\hf_aptos_00167.png,0,aptos_hf,True,train
hf_aptos_00539,data\raw\aptos\train_images\hf_aptos_00539.png,3,aptos_hf,True,train
hf_aptos_03467,data\raw\aptos\train_images\hf_aptos_03467.png,3,aptos_hf,True,train
hf_aptos_02341,data\raw\aptos\train_images\hf_aptos_02341.png,0,aptos_hf,True,train
hf_aptos_02410,data\raw\aptos\train_images\hf_aptos_02410.png,2,aptos_hf,True,train
hf_aptos_03163,data\raw\aptos\train_images\hf_aptos_03163.png,0,aptos_hf,True,train
hf_aptos_03468,data\raw\aptos\train_images\hf_aptos_03468.png,0,aptos_hf,True,train
hf_aptos_02685,data\raw\aptos\train_images\hf_aptos_02685.png,2,aptos_hf,True,train
hf_aptos_01039,data\raw\aptos\train_images\hf_aptos_01039.png,2,aptos_hf,True,train
hf_aptos_00408,data\raw\aptos\train_images\hf_aptos_00408.png,2,aptos_hf,True,train
hf_aptos_01847,data\raw\aptos\train_images\hf_aptos_01847.png,1,aptos_hf,True,train
hf_aptos_01368,data\raw\aptos\train_images\hf_aptos_01368.png,0,aptos_hf,True,train
hf_aptos_03635,data\raw\aptos\train_images\hf_aptos_03635.png,1,aptos_hf,True,train
hf_aptos_03444,data\raw\aptos\train_images\hf_aptos_03444.png,0,aptos_hf,True,train
hf_aptos_02513,data\raw\aptos\train_images\hf_aptos_02513.png,0,aptos_hf,True,train
hf_aptos_02929,data\raw\aptos\train_images\hf_aptos_02929.png,0,aptos_hf,True,train
hf_aptos_00804,data\raw\aptos\train_images\hf_aptos_00804.png,0,aptos_hf,True,train
hf_aptos_00595,data\raw\aptos\train_images\hf_aptos_00595.png,2,aptos_hf,True,train
hf_aptos_00602,data\raw\aptos\train_images\hf_aptos_00602.png,2,aptos_hf,True,train
hf_aptos_00451,data\raw\aptos\train_images\hf_aptos_00451.png,0,aptos_hf,True,train
hf_aptos_01666,data\raw\aptos\train_images\hf_aptos_01666.png,0,aptos_hf,True,train
hf_aptos_01112,data\raw\aptos\train_images\hf_aptos_01112.png,2,aptos_hf,True,train
hf_aptos_00647,data\raw\aptos\train_images\hf_aptos_00647.png,0,aptos_hf,True,train
hf_aptos_02964,data\raw\aptos\train_images\hf_aptos_02964.png,0,aptos_hf,True,train
hf_aptos_02801,data\raw\aptos\train_images\hf_aptos_02801.png,2,aptos_hf,True,train
hf_aptos_00289,data\raw\aptos\train_images\hf_aptos_00289.png,0,aptos_hf,True,train
hf_aptos_03100,data\raw\aptos\train_images\hf_aptos_03100.png,4,aptos_hf,True,train
hf_aptos_01721,data\raw\aptos\train_images\hf_aptos_01721.png,2,aptos_hf,True,train
hf_aptos_02292,data\raw\aptos\train_images\hf_aptos_02292.png,0,aptos_hf,True,train
hf_aptos_00348,data\raw\aptos\train_images\hf_aptos_00348.png,2,aptos_hf,True,train
hf_aptos_02552,data\raw\aptos\train_images\hf_aptos_02552.png,0,aptos_hf,True,train
hf_aptos_02703,data\raw\aptos\train_images\hf_aptos_02703.png,1,aptos_hf,True,train
hf_aptos_03542,data\raw\aptos\train_images\hf_aptos_03542.png,2,aptos_hf,True,train
hf_aptos_02585,data\raw\aptos\train_images\hf_aptos_02585.png,2,aptos_hf,True,train
hf_aptos_00060,data\raw\aptos\train_images\hf_aptos_00060.png,0,aptos_hf,True,train
hf_aptos_01544,data\raw\aptos\train_images\hf_aptos_01544.png,2,aptos_hf,True,train
hf_aptos_03190,data\raw\aptos\train_images\hf_aptos_03190.png,0,aptos_hf,True,train
hf_aptos_00636,data\raw\aptos\train_images\hf_aptos_00636.png,2,aptos_hf,True,train
hf_aptos_02893,data\raw\aptos\train_images\hf_aptos_02893.png,0,aptos_hf,True,train
hf_aptos_00791,data\raw\aptos\train_images\hf_aptos_00791.png,0,aptos_hf,True,train
hf_aptos_03028,data\raw\aptos\train_images\hf_aptos_03028.png,4,aptos_hf,True,train
hf_aptos_02622,data\raw\aptos\train_images\hf_aptos_02622.png,1,aptos_hf,True,train
hf_aptos_03530,data\raw\aptos\train_images\hf_aptos_03530.png,0,aptos_hf,True,train
hf_aptos_03550,data\raw\aptos\train_images\hf_aptos_03550.png,0,aptos_hf,True,train
hf_aptos_02478,data\raw\aptos\train_images\hf_aptos_02478.png,0,aptos_hf,True,train
hf_aptos_01062,data\raw\aptos\train_images\hf_aptos_01062.png,1,aptos_hf,True,train
hf_aptos_02636,data\raw\aptos\train_images\hf_aptos_02636.png,1,aptos_hf,True,train
hf_aptos_03253,data\raw\aptos\train_images\hf_aptos_03253.png,2,aptos_hf,True,train
hf_aptos_00021,data\raw\aptos\train_images\hf_aptos_00021.png,0,aptos_hf,True,train
hf_aptos_02246,data\raw\aptos\train_images\hf_aptos_02246.png,0,aptos_hf,True,train
hf_aptos_00898,data\raw\aptos\train_images\hf_aptos_00898.png,1,aptos_hf,True,train
hf_aptos_02247,data\raw\aptos\train_images\hf_aptos_02247.png,0,aptos_hf,True,train
hf_aptos_01352,data\raw\aptos\train_images\hf_aptos_01352.png,2,aptos_hf,True,train
hf_aptos_01057,data\raw\aptos\train_images\hf_aptos_01057.png,0,aptos_hf,True,train
hf_aptos_01225,data\raw\aptos\train_images\hf_aptos_01225.png,2,aptos_hf,True,train
hf_aptos_03193,data\raw\aptos\train_images\hf_aptos_03193.png,0,aptos_hf,True,train
hf_aptos_02377,data\raw\aptos\train_images\hf_aptos_02377.png,2,aptos_hf,True,train
hf_aptos_02195,data\raw\aptos\train_images\hf_aptos_02195.png,4,aptos_hf,True,train
hf_aptos_02932,data\raw\aptos\train_images\hf_aptos_02932.png,4,aptos_hf,True,train
hf_aptos_01358,data\raw\aptos\train_images\hf_aptos_01358.png,4,aptos_hf,True,train
hf_aptos_00376,data\raw\aptos\train_images\hf_aptos_00376.png,1,aptos_hf,True,train
hf_aptos_03096,data\raw\aptos\train_images\hf_aptos_03096.png,0,aptos_hf,True,train
hf_aptos_02632,data\raw\aptos\train_images\hf_aptos_02632.png,0,aptos_hf,True,train
hf_aptos_02131,data\raw\aptos\train_images\hf_aptos_02131.png,0,aptos_hf,True,train
hf_aptos_02654,data\raw\aptos\train_images\hf_aptos_02654.png,0,aptos_hf,True,train
hf_aptos_00572,data\raw\aptos\train_images\hf_aptos_00572.png,2,aptos_hf,True,train
hf_aptos_01330,data\raw\aptos\train_images\hf_aptos_01330.png,2,aptos_hf,True,train
hf_aptos_00268,data\raw\aptos\train_images\hf_aptos_00268.png,0,aptos_hf,True,train
hf_aptos_02825,data\raw\aptos\train_images\hf_aptos_02825.png,0,aptos_hf,True,train
hf_aptos_02328,data\raw\aptos\train_images\hf_aptos_02328.png,0,aptos_hf,True,train
hf_aptos_01098,data\raw\aptos\train_images\hf_aptos_01098.png,0,aptos_hf,True,train
hf_aptos_00010,data\raw\aptos\train_images\hf_aptos_00010.png,0,aptos_hf,True,train
hf_aptos_01249,data\raw\aptos\train_images\hf_aptos_01249.png,0,aptos_hf,True,train
hf_aptos_02777,data\raw\aptos\train_images\hf_aptos_02777.png,2,aptos_hf,True,train
hf_aptos_01343,data\raw\aptos\train_images\hf_aptos_01343.png,0,aptos_hf,True,train
hf_aptos_01109,data\raw\aptos\train_images\hf_aptos_01109.png,0,aptos_hf,True,train
hf_aptos_02930,data\raw\aptos\train_images\hf_aptos_02930.png,1,aptos_hf,True,train
hf_aptos_03456,data\raw\aptos\train_images\hf_aptos_03456.png,4,aptos_hf,True,train
hf_aptos_03022,data\raw\aptos\train_images\hf_aptos_03022.png,0,aptos_hf,True,train
hf_aptos_01226,data\raw\aptos\train_images\hf_aptos_01226.png,0,aptos_hf,True,train
hf_aptos_02658,data\raw\aptos\train_images\hf_aptos_02658.png,2,aptos_hf,True,train
hf_aptos_01724,data\raw\aptos\train_images\hf_aptos_01724.png,4,aptos_hf,True,train
hf_aptos_00644,data\raw\aptos\train_images\hf_aptos_00644.png,1,aptos_hf,True,train
hf_aptos_01792,data\raw\aptos\train_images\hf_aptos_01792.png,1,aptos_hf,True,train
hf_aptos_02259,data\raw\aptos\train_images\hf_aptos_02259.png,0,aptos_hf,True,train
hf_aptos_00093,data\raw\aptos\train_images\hf_aptos_00093.png,0,aptos_hf,True,train
hf_aptos_00326,data\raw\aptos\train_images\hf_aptos_00326.png,0,aptos_hf,True,train
hf_aptos_01234,data\raw\aptos\train_images\hf_aptos_01234.png,0,aptos_hf,True,train
hf_aptos_01927,data\raw\aptos\train_images\hf_aptos_01927.png,0,aptos_hf,True,train
hf_aptos_00523,data\raw\aptos\train_images\hf_aptos_00523.png,0,aptos_hf,True,train
hf_aptos_00152,data\raw\aptos\train_images\hf_aptos_00152.png,0,aptos_hf,True,train
hf_aptos_01134,data\raw\aptos\train_images\hf_aptos_01134.png,0,aptos_hf,True,train
hf_aptos_03262,data\raw\aptos\train_images\hf_aptos_03262.png,0,aptos_hf,True,train
hf_aptos_02472,data\raw\aptos\train_images\hf_aptos_02472.png,0,aptos_hf,True,train
hf_aptos_03630,data\raw\aptos\train_images\hf_aptos_03630.png,1,aptos_hf,True,train
hf_aptos_02359,data\raw\aptos\train_images\hf_aptos_02359.png,0,aptos_hf,True,train
hf_aptos_02590,data\raw\aptos\train_images\hf_aptos_02590.png,2,aptos_hf,True,train
hf_aptos_03322,data\raw\aptos\train_images\hf_aptos_03322.png,0,aptos_hf,True,train
hf_aptos_00862,data\raw\aptos\train_images\hf_aptos_00862.png,3,aptos_hf,True,train
hf_aptos_02103,data\raw\aptos\train_images\hf_aptos_02103.png,0,aptos_hf,True,train
hf_aptos_00896,data\raw\aptos\train_images\hf_aptos_00896.png,0,aptos_hf,True,train
hf_aptos_01313,data\raw\aptos\train_images\hf_aptos_01313.png,3,aptos_hf,True,train
hf_aptos_00752,data\raw\aptos\train_images\hf_aptos_00752.png,0,aptos_hf,True,train
hf_aptos_03433,data\raw\aptos\train_images\hf_aptos_03433.png,1,aptos_hf,True,train
hf_aptos_00878,data\raw\aptos\train_images\hf_aptos_00878.png,0,aptos_hf,True,train
hf_aptos_03247,data\raw\aptos\train_images\hf_aptos_03247.png,0,aptos_hf,True,train
hf_aptos_00197,data\raw\aptos\train_images\hf_aptos_00197.png,0,aptos_hf,True,train
hf_aptos_00363,data\raw\aptos\train_images\hf_aptos_00363.png,0,aptos_hf,True,train
hf_aptos_03490,data\raw\aptos\train_images\hf_aptos_03490.png,2,aptos_hf,True,train
hf_aptos_02334,data\raw\aptos\train_images\hf_aptos_02334.png,2,aptos_hf,True,train
hf_aptos_03413,data\raw\aptos\train_images\hf_aptos_03413.png,0,aptos_hf,True,train
hf_aptos_03176,data\raw\aptos\train_images\hf_aptos_03176.png,0,aptos_hf,True,train
hf_aptos_00240,data\raw\aptos\train_images\hf_aptos_00240.png,0,aptos_hf,True,train
hf_aptos_02836,data\raw\aptos\train_images\hf_aptos_02836.png,2,aptos_hf,True,train
hf_aptos_02053,data\raw\aptos\train_images\hf_aptos_02053.png,2,aptos_hf,True,train
hf_aptos_00418,data\raw\aptos\train_images\hf_aptos_00418.png,0,aptos_hf,True,train
hf_aptos_02409,data\raw\aptos\train_images\hf_aptos_02409.png,0,aptos_hf,True,train
hf_aptos_01774,data\raw\aptos\train_images\hf_aptos_01774.png,3,aptos_hf,True,train
hf_aptos_02081,data\raw\aptos\train_images\hf_aptos_02081.png,0,aptos_hf,True,train
hf_aptos_00165,data\raw\aptos\train_images\hf_aptos_00165.png,3,aptos_hf,True,train
hf_aptos_01095,data\raw\aptos\train_images\hf_aptos_01095.png,2,aptos_hf,True,train
hf_aptos_02761,data\raw\aptos\train_images\hf_aptos_02761.png,1,aptos_hf,True,train
hf_aptos_00933,data\raw\aptos\train_images\hf_aptos_00933.png,0,aptos_hf,True,train
hf_aptos_01052,data\raw\aptos\train_images\hf_aptos_01052.png,0,aptos_hf,True,train
hf_aptos_02313,data\raw\aptos\train_images\hf_aptos_02313.png,0,aptos_hf,True,train
hf_aptos_01732,data\raw\aptos\train_images\hf_aptos_01732.png,0,aptos_hf,True,train
hf_aptos_01935,data\raw\aptos\train_images\hf_aptos_01935.png,2,aptos_hf,True,train
hf_aptos_03418,data\raw\aptos\train_images\hf_aptos_03418.png,0,aptos_hf,True,train
hf_aptos_01860,data\raw\aptos\train_images\hf_aptos_01860.png,0,aptos_hf,True,train
hf_aptos_01566,data\raw\aptos\train_images\hf_aptos_01566.png,2,aptos_hf,True,train
hf_aptos_03186,data\raw\aptos\train_images\hf_aptos_03186.png,2,aptos_hf,True,train
hf_aptos_02843,data\raw\aptos\train_images\hf_aptos_02843.png,0,aptos_hf,True,train
hf_aptos_02891,data\raw\aptos\train_images\hf_aptos_02891.png,1,aptos_hf,True,train
hf_aptos_00834,data\raw\aptos\train_images\hf_aptos_00834.png,2,aptos_hf,True,train
hf_aptos_00409,data\raw\aptos\train_images\hf_aptos_00409.png,1,aptos_hf,True,train
hf_aptos_02888,data\raw\aptos\train_images\hf_aptos_02888.png,2,aptos_hf,True,train
hf_aptos_01449,data\raw\aptos\train_images\hf_aptos_01449.png,4,aptos_hf,True,train
hf_aptos_02183,data\raw\aptos\train_images\hf_aptos_02183.png,2,aptos_hf,True,train
hf_aptos_03567,data\raw\aptos\train_images\hf_aptos_03567.png,0,aptos_hf,True,train
hf_aptos_01667,data\raw\aptos\train_images\hf_aptos_01667.png,2,aptos_hf,True,train
hf_aptos_00119,data\raw\aptos\train_images\hf_aptos_00119.png,0,aptos_hf,True,train
hf_aptos_01838,data\raw\aptos\train_images\hf_aptos_01838.png,0,aptos_hf,True,train
hf_aptos_01114,data\raw\aptos\train_images\hf_aptos_01114.png,0,aptos_hf,True,train
hf_aptos_02853,data\raw\aptos\train_images\hf_aptos_02853.png,0,aptos_hf,True,train
hf_aptos_01117,data\raw\aptos\train_images\hf_aptos_01117.png,0,aptos_hf,True,train
hf_aptos_01402,data\raw\aptos\train_images\hf_aptos_01402.png,4,aptos_hf,True,train
hf_aptos_00370,data\raw\aptos\train_images\hf_aptos_00370.png,0,aptos_hf,True,train
hf_aptos_01434,data\raw\aptos\train_images\hf_aptos_01434.png,1,aptos_hf,True,train
hf_aptos_00412,data\raw\aptos\train_images\hf_aptos_00412.png,0,aptos_hf,True,train
hf_aptos_02200,data\raw\aptos\train_images\hf_aptos_02200.png,3,aptos_hf,True,train
hf_aptos_01944,data\raw\aptos\train_images\hf_aptos_01944.png,0,aptos_hf,True,train
hf_aptos_01365,data\raw\aptos\train_images\hf_aptos_01365.png,1,aptos_hf,True,train
hf_aptos_03165,data\raw\aptos\train_images\hf_aptos_03165.png,1,aptos_hf,True,train
hf_aptos_00599,data\raw\aptos\train_images\hf_aptos_00599.png,0,aptos_hf,True,train
hf_aptos_01711,data\raw\aptos\train_images\hf_aptos_01711.png,0,aptos_hf,True,train
hf_aptos_02100,data\raw\aptos\train_images\hf_aptos_02100.png,0,aptos_hf,True,train
hf_aptos_01221,data\raw\aptos\train_images\hf_aptos_01221.png,2,aptos_hf,True,train
hf_aptos_01762,data\raw\aptos\train_images\hf_aptos_01762.png,0,aptos_hf,True,train
hf_aptos_00462,data\raw\aptos\train_images\hf_aptos_00462.png,2,aptos_hf,True,train
hf_aptos_03442,data\raw\aptos\train_images\hf_aptos_03442.png,0,aptos_hf,True,train
hf_aptos_00968,data\raw\aptos\train_images\hf_aptos_00968.png,0,aptos_hf,True,train
hf_aptos_03217,data\raw\aptos\train_images\hf_aptos_03217.png,0,aptos_hf,True,train
hf_aptos_00225,data\raw\aptos\train_images\hf_aptos_00225.png,0,aptos_hf,True,train
hf_aptos_01979,data\raw\aptos\train_images\hf_aptos_01979.png,4,aptos_hf,True,train
hf_aptos_00003,data\raw\aptos\train_images\hf_aptos_00003.png,0,aptos_hf,True,train
hf_aptos_00638,data\raw\aptos\train_images\hf_aptos_00638.png,0,aptos_hf,True,train
hf_aptos_03640,data\raw\aptos\train_images\hf_aptos_03640.png,1,aptos_hf,True,train
hf_aptos_01108,data\raw\aptos\train_images\hf_aptos_01108.png,2,aptos_hf,True,train
hf_aptos_01632,data\raw\aptos\train_images\hf_aptos_01632.png,2,aptos_hf,True,train
hf_aptos_01174,data\raw\aptos\train_images\hf_aptos_01174.png,2,aptos_hf,True,train
hf_aptos_02674,data\raw\aptos\train_images\hf_aptos_02674.png,0,aptos_hf,True,train
hf_aptos_02479,data\raw\aptos\train_images\hf_aptos_02479.png,2,aptos_hf,True,train
hf_aptos_00823,data\raw\aptos\train_images\hf_aptos_00823.png,0,aptos_hf,True,train
hf_aptos_02775,data\raw\aptos\train_images\hf_aptos_02775.png,2,aptos_hf,True,train
hf_aptos_02931,data\raw\aptos\train_images\hf_aptos_02931.png,0,aptos_hf,True,train
hf_aptos_00287,data\raw\aptos\train_images\hf_aptos_00287.png,1,aptos_hf,True,train
hf_aptos_01423,data\raw\aptos\train_images\hf_aptos_01423.png,0,aptos_hf,True,train
hf_aptos_02695,data\raw\aptos\train_images\hf_aptos_02695.png,0,aptos_hf,True,train
hf_aptos_03168,data\raw\aptos\train_images\hf_aptos_03168.png,2,aptos_hf,True,train
hf_aptos_01296,data\raw\aptos\train_images\hf_aptos_01296.png,2,aptos_hf,True,train
hf_aptos_02413,data\raw\aptos\train_images\hf_aptos_02413.png,2,aptos_hf,True,train
hf_aptos_00215,data\raw\aptos\train_images\hf_aptos_00215.png,0,aptos_hf,True,train
hf_aptos_00589,data\raw\aptos\train_images\hf_aptos_00589.png,3,aptos_hf,True,train
hf_aptos_01289,data\raw\aptos\train_images\hf_aptos_01289.png,1,aptos_hf,True,train
hf_aptos_01960,data\raw\aptos\train_images\hf_aptos_01960.png,1,aptos_hf,True,train
hf_aptos_02704,data\raw\aptos\train_images\hf_aptos_02704.png,0,aptos_hf,True,train
hf_aptos_03344,data\raw\aptos\train_images\hf_aptos_03344.png,2,aptos_hf,True,train
hf_aptos_00294,data\raw\aptos\train_images\hf_aptos_00294.png,0,aptos_hf,True,train
hf_aptos_03336,data\raw\aptos\train_images\hf_aptos_03336.png,0,aptos_hf,True,train
hf_aptos_03585,data\raw\aptos\train_images\hf_aptos_03585.png,2,aptos_hf,True,train
hf_aptos_00107,data\raw\aptos\train_images\hf_aptos_00107.png,0,aptos_hf,True,train
hf_aptos_01596,data\raw\aptos\train_images\hf_aptos_01596.png,1,aptos_hf,True,train
hf_aptos_01766,data\raw\aptos\train_images\hf_aptos_01766.png,0,aptos_hf,True,train
hf_aptos_03626,data\raw\aptos\train_images\hf_aptos_03626.png,0,aptos_hf,True,train
hf_aptos_01919,data\raw\aptos\train_images\hf_aptos_01919.png,0,aptos_hf,True,train
hf_aptos_01266,data\raw\aptos\train_images\hf_aptos_01266.png,2,aptos_hf,True,train
hf_aptos_01572,data\raw\aptos\train_images\hf_aptos_01572.png,0,aptos_hf,True,train
hf_aptos_03610,data\raw\aptos\train_images\hf_aptos_03610.png,2,aptos_hf,True,train
hf_aptos_02232,data\raw\aptos\train_images\hf_aptos_02232.png,0,aptos_hf,True,train
hf_aptos_03207,data\raw\aptos\train_images\hf_aptos_03207.png,2,aptos_hf,True,train
hf_aptos_00108,data\raw\aptos\train_images\hf_aptos_00108.png,0,aptos_hf,True,train
hf_aptos_00662,data\raw\aptos\train_images\hf_aptos_00662.png,3,aptos_hf,True,train
hf_aptos_02611,data\raw\aptos\train_images\hf_aptos_02611.png,2,aptos_hf,True,train
hf_aptos_01933,data\raw\aptos\train_images\hf_aptos_01933.png,0,aptos_hf,True,train
hf_aptos_02122,data\raw\aptos\train_images\hf_aptos_02122.png,0,aptos_hf,True,train
hf_aptos_01533,data\raw\aptos\train_images\hf_aptos_01533.png,2,aptos_hf,True,train
hf_aptos_00350,data\raw\aptos\train_images\hf_aptos_00350.png,0,aptos_hf,True,train
hf_aptos_00689,data\raw\aptos\train_images\hf_aptos_00689.png,0,aptos_hf,True,train
hf_aptos_01461,data\raw\aptos\train_images\hf_aptos_01461.png,4,aptos_hf,True,train
hf_aptos_02078,data\raw\aptos\train_images\hf_aptos_02078.png,2,aptos_hf,True,train
hf_aptos_02007,data\raw\aptos\train_images\hf_aptos_02007.png,2,aptos_hf,True,train
hf_aptos_00522,data\raw\aptos\train_images\hf_aptos_00522.png,4,aptos_hf,True,train
hf_aptos_00681,data\raw\aptos\train_images\hf_aptos_00681.png,0,aptos_hf,True,train
hf_aptos_01087,data\raw\aptos\train_images\hf_aptos_01087.png,2,aptos_hf,True,train
hf_aptos_02620,data\raw\aptos\train_images\hf_aptos_02620.png,2,aptos_hf,True,train
hf_aptos_00110,data\raw\aptos\train_images\hf_aptos_00110.png,2,aptos_hf,True,train
hf_aptos_01496,data\raw\aptos\train_images\hf_aptos_01496.png,0,aptos_hf,True,train
hf_aptos_02731,data\raw\aptos\train_images\hf_aptos_02731.png,0,aptos_hf,True,train
hf_aptos_00693,data\raw\aptos\train_images\hf_aptos_00693.png,0,aptos_hf,True,train
hf_aptos_03310,data\raw\aptos\train_images\hf_aptos_03310.png,2,aptos_hf,True,train
hf_aptos_03428,data\raw\aptos\train_images\hf_aptos_03428.png,0,aptos_hf,True,train
hf_aptos_00275,data\raw\aptos\train_images\hf_aptos_00275.png,0,aptos_hf,True,train
hf_aptos_01494,data\raw\aptos\train_images\hf_aptos_01494.png,0,aptos_hf,True,train
hf_aptos_03409,data\raw\aptos\train_images\hf_aptos_03409.png,0,aptos_hf,True,train
hf_aptos_02323,data\raw\aptos\train_images\hf_aptos_02323.png,0,aptos_hf,True,train
hf_aptos_03377,data\raw\aptos\train_images\hf_aptos_03377.png,0,aptos_hf,True,train
hf_aptos_01795,data\raw\aptos\train_images\hf_aptos_01795.png,0,aptos_hf,True,train
hf_aptos_00881,data\raw\aptos\train_images\hf_aptos_00881.png,3,aptos_hf,True,train
hf_aptos_02755,data\raw\aptos\train_images\hf_aptos_02755.png,0,aptos_hf,True,train
hf_aptos_01833,data\raw\aptos\train_images\hf_aptos_01833.png,1,aptos_hf,True,train
hf_aptos_00019,data\raw\aptos\train_images\hf_aptos_00019.png,2,aptos_hf,True,train
hf_aptos_03461,data\raw\aptos\train_images\hf_aptos_03461.png,0,aptos_hf,True,train
hf_aptos_03654,data\raw\aptos\train_images\hf_aptos_03654.png,0,aptos_hf,True,train
hf_aptos_00196,data\raw\aptos\train_images\hf_aptos_00196.png,4,aptos_hf,True,train
hf_aptos_00890,data\raw\aptos\train_images\hf_aptos_00890.png,0,aptos_hf,True,train
hf_aptos_02680,data\raw\aptos\train_images\hf_aptos_02680.png,4,aptos_hf,True,train
hf_aptos_02184,data\raw\aptos\train_images\hf_aptos_02184.png,0,aptos_hf,True,train
hf_aptos_01980,data\raw\aptos\train_images\hf_aptos_01980.png,0,aptos_hf,True,train
hf_aptos_02332,data\raw\aptos\train_images\hf_aptos_02332.png,2,aptos_hf,True,train
hf_aptos_02952,data\raw\aptos\train_images\hf_aptos_02952.png,0,aptos_hf,True,train
hf_aptos_02782,data\raw\aptos\train_images\hf_aptos_02782.png,4,aptos_hf,True,train
hf_aptos_02121,data\raw\aptos\train_images\hf_aptos_02121.png,0,aptos_hf,True,train
hf_aptos_02772,data\raw\aptos\train_images\hf_aptos_02772.png,2,aptos_hf,True,train
hf_aptos_00691,data\raw\aptos\train_images\hf_aptos_00691.png,2,aptos_hf,True,train
hf_aptos_03334,data\raw\aptos\train_images\hf_aptos_03334.png,0,aptos_hf,True,train
hf_aptos_02690,data\raw\aptos\train_images\hf_aptos_02690.png,0,aptos_hf,True,train
hf_aptos_03210,data\raw\aptos\train_images\hf_aptos_03210.png,2,aptos_hf,True,train
hf_aptos_00179,data\raw\aptos\train_images\hf_aptos_00179.png,0,aptos_hf,True,train
hf_aptos_00480,data\raw\aptos\train_images\hf_aptos_00480.png,4,aptos_hf,True,train
hf_aptos_00505,data\raw\aptos\train_images\hf_aptos_00505.png,0,aptos_hf,True,train
hf_aptos_01970,data\raw\aptos\train_images\hf_aptos_01970.png,0,aptos_hf,True,train
hf_aptos_01677,data\raw\aptos\train_images\hf_aptos_01677.png,2,aptos_hf,True,train
hf_aptos_02655,data\raw\aptos\train_images\hf_aptos_02655.png,2,aptos_hf,True,train
hf_aptos_01198,data\raw\aptos\train_images\hf_aptos_01198.png,0,aptos_hf,True,train
hf_aptos_01430,data\raw\aptos\train_images\hf_aptos_01430.png,0,aptos_hf,True,train
hf_aptos_00540,data\raw\aptos\train_images\hf_aptos_00540.png,0,aptos_hf,True,train
hf_aptos_03479,data\raw\aptos\train_images\hf_aptos_03479.png,4,aptos_hf,True,train
hf_aptos_00770,data\raw\aptos\train_images\hf_aptos_00770.png,0,aptos_hf,True,train
hf_aptos_00306,data\raw\aptos\train_images\hf_aptos_00306.png,2,aptos_hf,True,train
hf_aptos_00990,data\raw\aptos\train_images\hf_aptos_00990.png,4,aptos_hf,True,train
hf_aptos_03209,data\raw\aptos\train_images\hf_aptos_03209.png,2,aptos_hf,True,train
hf_aptos_02174,data\raw\aptos\train_images\hf_aptos_02174.png,0,aptos_hf,True,train
hf_aptos_01452,data\raw\aptos\train_images\hf_aptos_01452.png,0,aptos_hf,True,train
hf_aptos_01788,data\raw\aptos\train_images\hf_aptos_01788.png,0,aptos_hf,True,train
hf_aptos_00217,data\raw\aptos\train_images\hf_aptos_00217.png,0,aptos_hf,True,train
hf_aptos_00843,data\raw\aptos\train_images\hf_aptos_00843.png,4,aptos_hf,True,train
hf_aptos_02128,data\raw\aptos\train_images\hf_aptos_02128.png,4,aptos_hf,True,train
hf_aptos_02201,data\raw\aptos\train_images\hf_aptos_02201.png,2,aptos_hf,True,train
hf_aptos_00005,data\raw\aptos\train_images\hf_aptos_00005.png,4,aptos_hf,True,train
hf_aptos_02450,data\raw\aptos\train_images\hf_aptos_02450.png,0,aptos_hf,True,train
hf_aptos_01178,data\raw\aptos\train_images\hf_aptos_01178.png,0,aptos_hf,True,train
hf_aptos_00375,data\raw\aptos\train_images\hf_aptos_00375.png,2,aptos_hf,True,train
hf_aptos_01678,data\raw\aptos\train_images\hf_aptos_01678.png,0,aptos_hf,True,train
hf_aptos_02268,data\raw\aptos\train_images\hf_aptos_02268.png,4,aptos_hf,True,train
hf_aptos_02865,data\raw\aptos\train_images\hf_aptos_02865.png,2,aptos_hf,True,train
hf_aptos_01193,data\raw\aptos\train_images\hf_aptos_01193.png,0,aptos_hf,True,train
hf_aptos_01895,data\raw\aptos\train_images\hf_aptos_01895.png,4,aptos_hf,True,train
hf_aptos_00859,data\raw\aptos\train_images\hf_aptos_00859.png,0,aptos_hf,True,train
hf_aptos_01591,data\raw\aptos\train_images\hf_aptos_01591.png,3,aptos_hf,True,train
hf_aptos_03254,data\raw\aptos\train_images\hf_aptos_03254.png,4,aptos_hf,True,train
hf_aptos_01171,data\raw\aptos\train_images\hf_aptos_01171.png,0,aptos_hf,True,train
hf_aptos_02351,data\raw\aptos\train_images\hf_aptos_02351.png,1,aptos_hf,True,train
hf_aptos_00178,data\raw\aptos\train_images\hf_aptos_00178.png,0,aptos_hf,True,train
hf_aptos_02371,data\raw\aptos\train_images\hf_aptos_02371.png,2,aptos_hf,True,train
hf_aptos_01183,data\raw\aptos\train_images\hf_aptos_01183.png,2,aptos_hf,True,train
hf_aptos_00333,data\raw\aptos\train_images\hf_aptos_00333.png,0,aptos_hf,True,train
hf_aptos_02847,data\raw\aptos\train_images\hf_aptos_02847.png,0,aptos_hf,True,train
hf_aptos_01084,data\raw\aptos\train_images\hf_aptos_01084.png,2,aptos_hf,True,train
hf_aptos_01432,data\raw\aptos\train_images\hf_aptos_01432.png,4,aptos_hf,True,train
hf_aptos_01048,data\raw\aptos\train_images\hf_aptos_01048.png,4,aptos_hf,True,train
hf_aptos_00052,data\raw\aptos\train_images\hf_aptos_00052.png,2,aptos_hf,True,train
hf_aptos_01887,data\raw\aptos\train_images\hf_aptos_01887.png,2,aptos_hf,True,train
hf_aptos_02723,data\raw\aptos\train_images\hf_aptos_02723.png,0,aptos_hf,True,train
hf_aptos_03233,data\raw\aptos\train_images\hf_aptos_03233.png,0,aptos_hf,True,train
hf_aptos_03546,data\raw\aptos\train_images\hf_aptos_03546.png,3,aptos_hf,True,train
hf_aptos_00518,data\raw\aptos\train_images\hf_aptos_00518.png,2,aptos_hf,True,train
hf_aptos_01264,data\raw\aptos\train_images\hf_aptos_01264.png,1,aptos_hf,True,train
hf_aptos_03651,data\raw\aptos\train_images\hf_aptos_03651.png,0,aptos_hf,True,train
hf_aptos_02880,data\raw\aptos\train_images\hf_aptos_02880.png,0,aptos_hf,True,train
hf_aptos_01158,data\raw\aptos\train_images\hf_aptos_01158.png,3,aptos_hf,True,train
hf_aptos_02734,data\raw\aptos\train_images\hf_aptos_02734.png,4,aptos_hf,True,train
hf_aptos_02421,data\raw\aptos\train_images\hf_aptos_02421.png,1,aptos_hf,True,train
hf_aptos_02153,data\raw\aptos\train_images\hf_aptos_02153.png,0,aptos_hf,True,train
hf_aptos_00918,data\raw\aptos\train_images\hf_aptos_00918.png,0,aptos_hf,True,train
hf_aptos_01520,data\raw\aptos\train_images\hf_aptos_01520.png,0,aptos_hf,True,train
hf_aptos_03415,data\raw\aptos\train_images\hf_aptos_03415.png,0,aptos_hf,True,train
hf_aptos_01068,data\raw\aptos\train_images\hf_aptos_01068.png,3,aptos_hf,True,train
hf_aptos_01168,data\raw\aptos\train_images\hf_aptos_01168.png,0,aptos_hf,True,train
hf_aptos_02598,data\raw\aptos\train_images\hf_aptos_02598.png,0,aptos_hf,True,train
hf_aptos_02253,data\raw\aptos\train_images\hf_aptos_02253.png,2,aptos_hf,True,train
hf_aptos_01963,data\raw\aptos\train_images\hf_aptos_01963.png,0,aptos_hf,True,train
hf_aptos_00611,data\raw\aptos\train_images\hf_aptos_00611.png,2,aptos_hf,True,train
hf_aptos_00687,data\raw\aptos\train_images\hf_aptos_00687.png,4,aptos_hf,True,train
hf_aptos_02046,data\raw\aptos\train_images\hf_aptos_02046.png,2,aptos_hf,True,train
hf_aptos_00347,data\raw\aptos\train_images\hf_aptos_00347.png,2,aptos_hf,True,train
hf_aptos_03223,data\raw\aptos\train_images\hf_aptos_03223.png,0,aptos_hf,True,train
hf_aptos_00169,data\raw\aptos\train_images\hf_aptos_00169.png,0,aptos_hf,True,train
hf_aptos_00082,data\raw\aptos\train_images\hf_aptos_00082.png,1,aptos_hf,True,train
hf_aptos_00247,data\raw\aptos\train_images\hf_aptos_00247.png,0,aptos_hf,True,train
hf_aptos_01232,data\raw\aptos\train_images\hf_aptos_01232.png,0,aptos_hf,True,train
hf_aptos_02270,data\raw\aptos\train_images\hf_aptos_02270.png,1,aptos_hf,True,train
hf_aptos_02547,data\raw\aptos\train_images\hf_aptos_02547.png,2,aptos_hf,True,train
hf_aptos_01172,data\raw\aptos\train_images\hf_aptos_01172.png,2,aptos_hf,True,train
hf_aptos_00476,data\raw\aptos\train_images\hf_aptos_00476.png,1,aptos_hf,True,train
hf_aptos_03440,data\raw\aptos\train_images\hf_aptos_03440.png,4,aptos_hf,True,train
hf_aptos_01089,data\raw\aptos\train_images\hf_aptos_01089.png,2,aptos_hf,True,train
hf_aptos_02750,data\raw\aptos\train_images\hf_aptos_02750.png,0,aptos_hf,True,train
hf_aptos_01220,data\raw\aptos\train_images\hf_aptos_01220.png,1,aptos_hf,True,train
hf_aptos_01712,data\raw\aptos\train_images\hf_aptos_01712.png,2,aptos_hf,True,train
hf_aptos_00144,data\raw\aptos\train_images\hf_aptos_00144.png,0,aptos_hf,True,train
hf_aptos_02300,data\raw\aptos\train_images\hf_aptos_02300.png,2,aptos_hf,True,train
hf_aptos_00369,data\raw\aptos\train_images\hf_aptos_00369.png,0,aptos_hf,True,train
hf_aptos_01921,data\raw\aptos\train_images\hf_aptos_01921.png,0,aptos_hf,True,train
hf_aptos_03138,data\raw\aptos\train_images\hf_aptos_03138.png,4,aptos_hf,True,train
hf_aptos_01936,data\raw\aptos\train_images\hf_aptos_01936.png,0,aptos_hf,True,train
hf_aptos_01828,data\raw\aptos\train_images\hf_aptos_01828.png,0,aptos_hf,True,train
hf_aptos_01097,data\raw\aptos\train_images\hf_aptos_01097.png,4,aptos_hf,True,train
hf_aptos_00425,data\raw\aptos\train_images\hf_aptos_00425.png,2,aptos_hf,True,train
hf_aptos_00442,data\raw\aptos\train_images\hf_aptos_00442.png,0,aptos_hf,True,train
hf_aptos_00719,data\raw\aptos\train_images\hf_aptos_00719.png,0,aptos_hf,True,train
hf_aptos_02348,data\raw\aptos\train_images\hf_aptos_02348.png,1,aptos_hf,True,train
hf_aptos_00929,data\raw\aptos\train_images\hf_aptos_00929.png,0,aptos_hf,True,train
hf_aptos_01908,data\raw\aptos\train_images\hf_aptos_01908.png,2,aptos_hf,True,train
hf_aptos_00550,data\raw\aptos\train_images\hf_aptos_00550.png,2,aptos_hf,True,train
hf_aptos_02086,data\raw\aptos\train_images\hf_aptos_02086.png,0,aptos_hf,True,train
hf_aptos_03498,data\raw\aptos\train_images\hf_aptos_03498.png,0,aptos_hf,True,train
hf_aptos_03215,data\raw\aptos\train_images\hf_aptos_03215.png,4,aptos_hf,True,train
hf_aptos_02659,data\raw\aptos\train_images\hf_aptos_02659.png,0,aptos_hf,True,train
hf_aptos_00334,data\raw\aptos\train_images\hf_aptos_00334.png,0,aptos_hf,True,train
hf_aptos_01735,data\raw\aptos\train_images\hf_aptos_01735.png,0,aptos_hf,True,train
hf_aptos_03638,data\raw\aptos\train_images\hf_aptos_03638.png,0,aptos_hf,True,train
hf_aptos_01808,data\raw\aptos\train_images\hf_aptos_01808.png,0,aptos_hf,True,train
hf_aptos_02525,data\raw\aptos\train_images\hf_aptos_02525.png,0,aptos_hf,True,train
hf_aptos_03307,data\raw\aptos\train_images\hf_aptos_03307.png,0,aptos_hf,True,train
hf_aptos_01290,data\raw\aptos\train_images\hf_aptos_01290.png,2,aptos_hf,True,train
hf_aptos_02245,data\raw\aptos\train_images\hf_aptos_02245.png,0,aptos_hf,True,train
hf_aptos_00399,data\raw\aptos\train_images\hf_aptos_00399.png,0,aptos_hf,True,train
hf_aptos_02699,data\raw\aptos\train_images\hf_aptos_02699.png,0,aptos_hf,True,train
hf_aptos_00047,data\raw\aptos\train_images\hf_aptos_00047.png,4,aptos_hf,True,train
hf_aptos_03504,data\raw\aptos\train_images\hf_aptos_03504.png,0,aptos_hf,True,train
hf_aptos_02423,data\raw\aptos\train_images\hf_aptos_02423.png,0,aptos_hf,True,train
hf_aptos_02504,data\raw\aptos\train_images\hf_aptos_02504.png,0,aptos_hf,True,train
hf_aptos_01518,data\raw\aptos\train_images\hf_aptos_01518.png,0,aptos_hf,True,train
hf_aptos_01357,data\raw\aptos\train_images\hf_aptos_01357.png,2,aptos_hf,True,train
hf_aptos_03427,data\raw\aptos\train_images\hf_aptos_03427.png,0,aptos_hf,True,train
hf_aptos_01779,data\raw\aptos\train_images\hf_aptos_01779.png,0,aptos_hf,True,train
hf_aptos_03485,data\raw\aptos\train_images\hf_aptos_03485.png,0,aptos_hf,True,train
hf_aptos_01807,data\raw\aptos\train_images\hf_aptos_01807.png,1,aptos_hf,True,train
hf_aptos_01154,data\raw\aptos\train_images\hf_aptos_01154.png,2,aptos_hf,True,train
hf_aptos_02743,data\raw\aptos\train_images\hf_aptos_02743.png,4,aptos_hf,True,train
hf_aptos_00236,data\raw\aptos\train_images\hf_aptos_00236.png,4,aptos_hf,True,train
hf_aptos_01181,data\raw\aptos\train_images\hf_aptos_01181.png,1,aptos_hf,True,train
hf_aptos_01077,data\raw\aptos\train_images\hf_aptos_01077.png,0,aptos_hf,True,train
hf_aptos_01037,data\raw\aptos\train_images\hf_aptos_01037.png,2,aptos_hf,True,train
hf_aptos_00561,data\raw\aptos\train_images\hf_aptos_00561.png,4,aptos_hf,True,train
hf_aptos_00192,data\raw\aptos\train_images\hf_aptos_00192.png,4,aptos_hf,True,train
hf_aptos_03633,data\raw\aptos\train_images\hf_aptos_03633.png,0,aptos_hf,True,train
hf_aptos_00296,data\raw\aptos\train_images\hf_aptos_00296.png,3,aptos_hf,True,train
hf_aptos_00422,data\raw\aptos\train_images\hf_aptos_00422.png,2,aptos_hf,True,train
hf_aptos_01392,data\raw\aptos\train_images\hf_aptos_01392.png,0,aptos_hf,True,train
hf_aptos_03366,data\raw\aptos\train_images\hf_aptos_03366.png,0,aptos_hf,True,train
hf_aptos_01065,data\raw\aptos\train_images\hf_aptos_01065.png,1,aptos_hf,True,train
hf_aptos_00331,data\raw\aptos\train_images\hf_aptos_00331.png,1,aptos_hf,True,train
hf_aptos_02999,data\raw\aptos\train_images\hf_aptos_02999.png,3,aptos_hf,True,train
hf_aptos_00210,data\raw\aptos\train_images\hf_aptos_00210.png,2,aptos_hf,True,train
hf_aptos_01916,data\raw\aptos\train_images\hf_aptos_01916.png,0,aptos_hf,True,train
hf_aptos_02606,data\raw\aptos\train_images\hf_aptos_02606.png,0,aptos_hf,True,train
hf_aptos_03627,data\raw\aptos\train_images\hf_aptos_03627.png,3,aptos_hf,True,train
hf_aptos_03483,data\raw\aptos\train_images\hf_aptos_03483.png,0,aptos_hf,True,train
hf_aptos_01199,data\raw\aptos\train_images\hf_aptos_01199.png,0,aptos_hf,True,train
hf_aptos_00553,data\raw\aptos\train_images\hf_aptos_00553.png,0,aptos_hf,True,train
hf_aptos_00713,data\raw\aptos\train_images\hf_aptos_00713.png,0,aptos_hf,True,train
hf_aptos_01058,data\raw\aptos\train_images\hf_aptos_01058.png,0,aptos_hf,True,train
hf_aptos_01299,data\raw\aptos\train_images\hf_aptos_01299.png,2,aptos_hf,True,train
hf_aptos_00411,data\raw\aptos\train_images\hf_aptos_00411.png,2,aptos_hf,True,train
hf_aptos_02467,data\raw\aptos\train_images\hf_aptos_02467.png,2,aptos_hf,True,train
hf_aptos_03396,data\raw\aptos\train_images\hf_aptos_03396.png,0,aptos_hf,True,train
hf_aptos_03236,data\raw\aptos\train_images\hf_aptos_03236.png,0,aptos_hf,True,train
hf_aptos_01332,data\raw\aptos\train_images\hf_aptos_01332.png,0,aptos_hf,True,train
hf_aptos_02551,data\raw\aptos\train_images\hf_aptos_02551.png,0,aptos_hf,True,train
hf_aptos_01067,data\raw\aptos\train_images\hf_aptos_01067.png,0,aptos_hf,True,train
hf_aptos_03583,data\raw\aptos\train_images\hf_aptos_03583.png,0,aptos_hf,True,train
hf_aptos_00673,data\raw\aptos\train_images\hf_aptos_00673.png,2,aptos_hf,True,train
hf_aptos_00316,data\raw\aptos\train_images\hf_aptos_00316.png,1,aptos_hf,True,train
hf_aptos_01170,data\raw\aptos\train_images\hf_aptos_01170.png,4,aptos_hf,True,train
hf_aptos_00389,data\raw\aptos\train_images\hf_aptos_00389.png,2,aptos_hf,True,train
hf_aptos_03058,data\raw\aptos\train_images\hf_aptos_03058.png,4,aptos_hf,True,train
hf_aptos_02290,data\raw\aptos\train_images\hf_aptos_02290.png,2,aptos_hf,True,train
hf_aptos_00517,data\raw\aptos\train_images\hf_aptos_00517.png,0,aptos_hf,True,train
hf_aptos_01450,data\raw\aptos\train_images\hf_aptos_01450.png,1,aptos_hf,True,train
hf_aptos_00447,data\raw\aptos\train_images\hf_aptos_00447.png,0,aptos_hf,True,train
hf_aptos_02531,data\raw\aptos\train_images\hf_aptos_02531.png,0,aptos_hf,True,train
hf_aptos_02815,data\raw\aptos\train_images\hf_aptos_02815.png,3,aptos_hf,True,train
hf_aptos_02977,data\raw\aptos\train_images\hf_aptos_02977.png,2,aptos_hf,True,train
hf_aptos_01698,data\raw\aptos\train_images\hf_aptos_01698.png,2,aptos_hf,True,train
hf_aptos_00956,data\raw\aptos\train_images\hf_aptos_00956.png,0,aptos_hf,True,train
hf_aptos_03436,data\raw\aptos\train_images\hf_aptos_03436.png,0,aptos_hf,True,train
hf_aptos_01500,data\raw\aptos\train_images\hf_aptos_01500.png,3,aptos_hf,True,train
hf_aptos_01526,data\raw\aptos\train_images\hf_aptos_01526.png,3,aptos_hf,True,train
hf_aptos_00074,data\raw\aptos\train_images\hf_aptos_00074.png,3,aptos_hf,True,train
hf_aptos_00349,data\raw\aptos\train_images\hf_aptos_00349.png,1,aptos_hf,True,train
hf_aptos_02600,data\raw\aptos\train_images\hf_aptos_02600.png,4,aptos_hf,True,train
hf_aptos_00134,data\raw\aptos\train_images\hf_aptos_00134.png,2,aptos_hf,True,train
hf_aptos_00039,data\raw\aptos\train_images\hf_aptos_00039.png,0,aptos_hf,True,train
hf_aptos_02278,data\raw\aptos\train_images\hf_aptos_02278.png,0,aptos_hf,True,train
hf_aptos_00266,data\raw\aptos\train_images\hf_aptos_00266.png,2,aptos_hf,True,train
hf_aptos_02510,data\raw\aptos\train_images\hf_aptos_02510.png,0,aptos_hf,True,train
hf_aptos_03208,data\raw\aptos\train_images\hf_aptos_03208.png,0,aptos_hf,True,train
hf_aptos_01431,data\raw\aptos\train_images\hf_aptos_01431.png,0,aptos_hf,True,train
hf_aptos_01975,data\raw\aptos\train_images\hf_aptos_01975.png,2,aptos_hf,True,train
hf_aptos_02067,data\raw\aptos\train_images\hf_aptos_02067.png,0,aptos_hf,True,train
hf_aptos_02829,data\raw\aptos\train_images\hf_aptos_02829.png,2,aptos_hf,True,train
hf_aptos_01479,data\raw\aptos\train_images\hf_aptos_01479.png,2,aptos_hf,True,train
hf_aptos_01381,data\raw\aptos\train_images\hf_aptos_01381.png,4,aptos_hf,True,train
hf_aptos_02522,data\raw\aptos\train_images\hf_aptos_02522.png,0,aptos_hf,True,train
hf_aptos_03018,data\raw\aptos\train_images\hf_aptos_03018.png,1,aptos_hf,True,train
hf_aptos_01429,data\raw\aptos\train_images\hf_aptos_01429.png,2,aptos_hf,True,train
hf_aptos_02075,data\raw\aptos\train_images\hf_aptos_02075.png,0,aptos_hf,True,train
hf_aptos_03109,data\raw\aptos\train_images\hf_aptos_03109.png,1,aptos_hf,True,train
hf_aptos_00007,data\raw\aptos\train_images\hf_aptos_00007.png,2,aptos_hf,True,train
hf_aptos_01753,data\raw\aptos\train_images\hf_aptos_01753.png,4,aptos_hf,True,train
hf_aptos_02803,data\raw\aptos\train_images\hf_aptos_02803.png,1,aptos_hf,True,train
hf_aptos_02561,data\raw\aptos\train_images\hf_aptos_02561.png,0,aptos_hf,True,train
hf_aptos_01116,data\raw\aptos\train_images\hf_aptos_01116.png,0,aptos_hf,True,train
hf_aptos_01324,data\raw\aptos\train_images\hf_aptos_01324.png,0,aptos_hf,True,train
hf_aptos_02229,data\raw\aptos\train_images\hf_aptos_02229.png,4,aptos_hf,True,train
hf_aptos_01093,data\raw\aptos\train_images\hf_aptos_01093.png,3,aptos_hf,True,train
hf_aptos_00244,data\raw\aptos\train_images\hf_aptos_00244.png,0,aptos_hf,True,train
hf_aptos_03494,data\raw\aptos\train_images\hf_aptos_03494.png,0,aptos_hf,True,train
hf_aptos_00104,data\raw\aptos\train_images\hf_aptos_00104.png,0,aptos_hf,True,train
hf_aptos_02688,data\raw\aptos\train_images\hf_aptos_02688.png,0,aptos_hf,True,train
hf_aptos_01437,data\raw\aptos\train_images\hf_aptos_01437.png,0,aptos_hf,True,train
hf_aptos_02556,data\raw\aptos\train_images\hf_aptos_02556.png,2,aptos_hf,True,train
hf_aptos_03354,data\raw\aptos\train_images\hf_aptos_03354.png,0,aptos_hf,True,train
hf_aptos_00432,data\raw\aptos\train_images\hf_aptos_00432.png,0,aptos_hf,True,train
hf_aptos_02945,data\raw\aptos\train_images\hf_aptos_02945.png,2,aptos_hf,True,train
hf_aptos_01578,data\raw\aptos\train_images\hf_aptos_01578.png,4,aptos_hf,True,train
hf_aptos_02925,data\raw\aptos\train_images\hf_aptos_02925.png,2,aptos_hf,True,train
hf_aptos_00305,data\raw\aptos\train_images\hf_aptos_00305.png,4,aptos_hf,True,train
hf_aptos_01163,data\raw\aptos\train_images\hf_aptos_01163.png,2,aptos_hf,True,train
hf_aptos_03001,data\raw\aptos\train_images\hf_aptos_03001.png,4,aptos_hf,True,train
hf_aptos_00708,data\raw\aptos\train_images\hf_aptos_00708.png,0,aptos_hf,True,train
hf_aptos_00031,data\raw\aptos\train_images\hf_aptos_00031.png,0,aptos_hf,True,train
hf_aptos_00309,data\raw\aptos\train_images\hf_aptos_00309.png,2,aptos_hf,True,train
hf_aptos_02706,data\raw\aptos\train_images\hf_aptos_02706.png,1,aptos_hf,True,train
hf_aptos_00848,data\raw\aptos\train_images\hf_aptos_00848.png,0,aptos_hf,True,train
hf_aptos_02719,data\raw\aptos\train_images\hf_aptos_02719.png,0,aptos_hf,True,train
hf_aptos_00087,data\raw\aptos\train_images\hf_aptos_00087.png,3,aptos_hf,True,train
hf_aptos_02431,data\raw\aptos\train_images\hf_aptos_02431.png,0,aptos_hf,True,train
hf_aptos_02186,data\raw\aptos\train_images\hf_aptos_02186.png,0,aptos_hf,True,train
hf_aptos_00317,data\raw\aptos\train_images\hf_aptos_00317.png,0,aptos_hf,True,train
hf_aptos_00836,data\raw\aptos\train_images\hf_aptos_00836.png,0,aptos_hf,True,train
hf_aptos_01662,data\raw\aptos\train_images\hf_aptos_01662.png,0,aptos_hf,True,train
hf_aptos_01952,data\raw\aptos\train_images\hf_aptos_01952.png,0,aptos_hf,True,train
hf_aptos_01106,data\raw\aptos\train_images\hf_aptos_01106.png,0,aptos_hf,True,train
hf_aptos_01071,data\raw\aptos\train_images\hf_aptos_01071.png,0,aptos_hf,True,train
hf_aptos_03473,data\raw\aptos\train_images\hf_aptos_03473.png,0,aptos_hf,True,train
hf_aptos_01570,data\raw\aptos\train_images\hf_aptos_01570.png,0,aptos_hf,True,train
hf_aptos_02297,data\raw\aptos\train_images\hf_aptos_02297.png,3,aptos_hf,True,train
hf_aptos_02175,data\raw\aptos\train_images\hf_aptos_02175.png,1,aptos_hf,True,train
hf_aptos_02129,data\raw\aptos\train_images\hf_aptos_02129.png,0,aptos_hf,True,train
hf_aptos_03175,data\raw\aptos\train_images\hf_aptos_03175.png,0,aptos_hf,True,train
hf_aptos_00901,data\raw\aptos\train_images\hf_aptos_00901.png,0,aptos_hf,True,train
hf_aptos_02343,data\raw\aptos\train_images\hf_aptos_02343.png,4,aptos_hf,True,train
hf_aptos_03508,data\raw\aptos\train_images\hf_aptos_03508.png,1,aptos_hf,True,train
hf_aptos_01447,data\raw\aptos\train_images\hf_aptos_01447.png,0,aptos_hf,True,train
hf_aptos_01347,data\raw\aptos\train_images\hf_aptos_01347.png,0,aptos_hf,True,train
hf_aptos_03306,data\raw\aptos\train_images\hf_aptos_03306.png,0,aptos_hf,True,train
hf_aptos_00707,data\raw\aptos\train_images\hf_aptos_00707.png,0,aptos_hf,True,train
hf_aptos_03661,data\raw\aptos\train_images\hf_aptos_03661.png,2,aptos_hf,True,train
hf_aptos_01989,data\raw\aptos\train_images\hf_aptos_01989.png,1,aptos_hf,True,train
hf_aptos_03206,data\raw\aptos\train_images\hf_aptos_03206.png,4,aptos_hf,True,train
hf_aptos_00310,data\raw\aptos\train_images\hf_aptos_00310.png,0,aptos_hf,True,train
hf_aptos_00685,data\raw\aptos\train_images\hf_aptos_00685.png,0,aptos_hf,True,train
hf_aptos_03178,data\raw\aptos\train_images\hf_aptos_03178.png,0,aptos_hf,True,train
hf_aptos_01069,data\raw\aptos\train_images\hf_aptos_01069.png,0,aptos_hf,True,train
hf_aptos_01350,data\raw\aptos\train_images\hf_aptos_01350.png,4,aptos_hf,True,train
hf_aptos_00780,data\raw\aptos\train_images\hf_aptos_00780.png,0,aptos_hf,True,train
hf_aptos_03474,data\raw\aptos\train_images\hf_aptos_03474.png,4,aptos_hf,True,train
hf_aptos_01115,data\raw\aptos\train_images\hf_aptos_01115.png,0,aptos_hf,True,train
hf_aptos_03229,data\raw\aptos\train_images\hf_aptos_03229.png,0,aptos_hf,True,train
hf_aptos_00750,data\raw\aptos\train_images\hf_aptos_00750.png,0,aptos_hf,True,train
hf_aptos_02962,data\raw\aptos\train_images\hf_aptos_02962.png,0,aptos_hf,True,train
hf_aptos_01829,data\raw\aptos\train_images\hf_aptos_01829.png,0,aptos_hf,True,train
hf_aptos_01974,data\raw\aptos\train_images\hf_aptos_01974.png,0,aptos_hf,True,train
hf_aptos_03597,data\raw\aptos\train_images\hf_aptos_03597.png,3,aptos_hf,True,train
hf_aptos_02783,data\raw\aptos\train_images\hf_aptos_02783.png,2,aptos_hf,True,train
hf_aptos_02095,data\raw\aptos\train_images\hf_aptos_02095.png,0,aptos_hf,True,train
hf_aptos_03080,data\raw\aptos\train_images\hf_aptos_03080.png,2,aptos_hf,True,train
hf_aptos_01651,data\raw\aptos\train_images\hf_aptos_01651.png,3,aptos_hf,True,train
hf_aptos_01955,data\raw\aptos\train_images\hf_aptos_01955.png,2,aptos_hf,True,train
hf_aptos_03202,data\raw\aptos\train_images\hf_aptos_03202.png,2,aptos_hf,True,train
hf_aptos_01307,data\raw\aptos\train_images\hf_aptos_01307.png,1,aptos_hf,True,train
hf_aptos_02256,data\raw\aptos\train_images\hf_aptos_02256.png,0,aptos_hf,True,train
hf_aptos_01652,data\raw\aptos\train_images\hf_aptos_01652.png,0,aptos_hf,True,train
hf_aptos_01977,data\raw\aptos\train_images\hf_aptos_01977.png,0,aptos_hf,True,train
hf_aptos_03023,data\raw\aptos\train_images\hf_aptos_03023.png,2,aptos_hf,True,train
hf_aptos_03598,data\raw\aptos\train_images\hf_aptos_03598.png,4,aptos_hf,True,train
hf_aptos_02463,data\raw\aptos\train_images\hf_aptos_02463.png,0,aptos_hf,True,train
hf_aptos_01075,data\raw\aptos\train_images\hf_aptos_01075.png,3,aptos_hf,True,train
hf_aptos_02202,data\raw\aptos\train_images\hf_aptos_02202.png,0,aptos_hf,True,train
hf_aptos_03167,data\raw\aptos\train_images\hf_aptos_03167.png,1,aptos_hf,True,train
hf_aptos_03008,data\raw\aptos\train_images\hf_aptos_03008.png,0,aptos_hf,True,train
hf_aptos_03381,data\raw\aptos\train_images\hf_aptos_03381.png,0,aptos_hf,True,train
hf_aptos_02536,data\raw\aptos\train_images\hf_aptos_02536.png,0,aptos_hf,True,train
hf_aptos_01702,data\raw\aptos\train_images\hf_aptos_01702.png,0,aptos_hf,True,train
hf_aptos_02610,data\raw\aptos\train_images\hf_aptos_02610.png,1,aptos_hf,True,train
hf_aptos_02637,data\raw\aptos\train_images\hf_aptos_02637.png,1,aptos_hf,True,train
hf_aptos_02756,data\raw\aptos\train_images\hf_aptos_02756.png,1,aptos_hf,True,train
hf_aptos_00745,data\raw\aptos\train_images\hf_aptos_00745.png,0,aptos_hf,True,train
hf_aptos_01590,data\raw\aptos\train_images\hf_aptos_01590.png,4,aptos_hf,True,train
hf_aptos_01144,data\raw\aptos\train_images\hf_aptos_01144.png,0,aptos_hf,True,train
hf_aptos_00566,data\raw\aptos\train_images\hf_aptos_00566.png,0,aptos_hf,True,train
hf_aptos_01879,data\raw\aptos\train_images\hf_aptos_01879.png,0,aptos_hf,True,train
hf_aptos_03577,data\raw\aptos\train_images\hf_aptos_03577.png,0,aptos_hf,True,train
hf_aptos_01460,data\raw\aptos\train_images\hf_aptos_01460.png,0,aptos_hf,True,train
hf_aptos_02709,data\raw\aptos\train_images\hf_aptos_02709.png,3,aptos_hf,True,train
hf_aptos_01044,data\raw\aptos\train_images\hf_aptos_01044.png,0,aptos_hf,True,train
hf_aptos_00880,data\raw\aptos\train_images\hf_aptos_00880.png,0,aptos_hf,True,train
hf_aptos_00193,data\raw\aptos\train_images\hf_aptos_00193.png,0,aptos_hf,True,train
hf_aptos_00935,data\raw\aptos\train_images\hf_aptos_00935.png,2,aptos_hf,True,train
hf_aptos_03179,data\raw\aptos\train_images\hf_aptos_03179.png,2,aptos_hf,True,train
hf_aptos_00413,data\raw\aptos\train_images\hf_aptos_00413.png,0,aptos_hf,True,train
hf_aptos_03305,data\raw\aptos\train_images\hf_aptos_03305.png,1,aptos_hf,True,train
hf_aptos_01563,data\raw\aptos\train_images\hf_aptos_01563.png,4,aptos_hf,True,train
hf_aptos_02779,data\raw\aptos\train_images\hf_aptos_02779.png,0,aptos_hf,True,train
hf_aptos_02118,data\raw\aptos\train_images\hf_aptos_02118.png,2,aptos_hf,True,train
hf_aptos_03173,data\raw\aptos\train_images\hf_aptos_03173.png,2,aptos_hf,True,train
hf_aptos_03506,data\raw\aptos\train_images\hf_aptos_03506.png,2,aptos_hf,True,train
hf_aptos_00735,data\raw\aptos\train_images\hf_aptos_00735.png,0,aptos_hf,True,train
hf_aptos_02539,data\raw\aptos\train_images\hf_aptos_02539.png,0,aptos_hf,True,train
hf_aptos_03543,data\raw\aptos\train_images\hf_aptos_03543.png,4,aptos_hf,True,train
hf_aptos_00338,data\raw\aptos\train_images\hf_aptos_00338.png,0,aptos_hf,True,train
hf_aptos_02727,data\raw\aptos\train_images\hf_aptos_02727.png,4,aptos_hf,True,train
hf_aptos_03531,data\raw\aptos\train_images\hf_aptos_03531.png,3,aptos_hf,True,train
hf_aptos_00902,data\raw\aptos\train_images\hf_aptos_00902.png,0,aptos_hf,True,train
hf_aptos_00700,data\raw\aptos\train_images\hf_aptos_00700.png,3,aptos_hf,True,train
hf_aptos_02764,data\raw\aptos\train_images\hf_aptos_02764.png,2,aptos_hf,True,train
hf_aptos_03118,data\raw\aptos\train_images\hf_aptos_03118.png,2,aptos_hf,True,train
hf_aptos_00223,data\raw\aptos\train_images\hf_aptos_00223.png,1,aptos_hf,True,train
hf_aptos_02452,data\raw\aptos\train_images\hf_aptos_02452.png,2,aptos_hf,True,train
hf_aptos_01224,data\raw\aptos\train_images\hf_aptos_01224.png,0,aptos_hf,True,train
hf_aptos_00942,data\raw\aptos\train_images\hf_aptos_00942.png,0,aptos_hf,True,train
hf_aptos_00281,data\raw\aptos\train_images\hf_aptos_00281.png,0,aptos_hf,True,train
hf_aptos_02955,data\raw\aptos\train_images\hf_aptos_02955.png,2,aptos_hf,True,train
hf_aptos_00947,data\raw\aptos\train_images\hf_aptos_00947.png,2,aptos_hf,True,train
hf_aptos_00739,data\raw\aptos\train_images\hf_aptos_00739.png,2,aptos_hf,True,train
hf_aptos_03402,data\raw\aptos\train_images\hf_aptos_03402.png,0,aptos_hf,True,train
hf_aptos_02757,data\raw\aptos\train_images\hf_aptos_02757.png,0,aptos_hf,True,train
hf_aptos_03280,data\raw\aptos\train_images\hf_aptos_03280.png,0,aptos_hf,True,train
hf_aptos_02207,data\raw\aptos\train_images\hf_aptos_02207.png,3,aptos_hf,True,train
hf_aptos_01187,data\raw\aptos\train_images\hf_aptos_01187.png,0,aptos_hf,True,train
hf_aptos_02061,data\raw\aptos\train_images\hf_aptos_02061.png,0,aptos_hf,True,train
hf_aptos_02460,data\raw\aptos\train_images\hf_aptos_02460.png,3,aptos_hf,True,train
hf_aptos_00894,data\raw\aptos\train_images\hf_aptos_00894.png,3,aptos_hf,True,train
hf_aptos_03244,data\raw\aptos\train_images\hf_aptos_03244.png,3,aptos_hf,True,train
hf_aptos_00361,data\raw\aptos\train_images\hf_aptos_00361.png,4,aptos_hf,True,train
hf_aptos_00630,data\raw\aptos\train_images\hf_aptos_00630.png,0,aptos_hf,True,train
hf_aptos_00911,data\raw\aptos\train_images\hf_aptos_00911.png,0,aptos_hf,True,train
hf_aptos_01072,data\raw\aptos\train_images\hf_aptos_01072.png,0,aptos_hf,True,train
hf_aptos_01411,data\raw\aptos\train_images\hf_aptos_01411.png,2,aptos_hf,True,train
hf_aptos_03419,data\raw\aptos\train_images\hf_aptos_03419.png,2,aptos_hf,True,train
hf_aptos_01790,data\raw\aptos\train_images\hf_aptos_01790.png,2,aptos_hf,True,train
hf_aptos_01111,data\raw\aptos\train_images\hf_aptos_01111.png,1,aptos_hf,True,train
hf_aptos_00252,data\raw\aptos\train_images\hf_aptos_00252.png,1,aptos_hf,True,train
hf_aptos_01338,data\raw\aptos\train_images\hf_aptos_01338.png,0,aptos_hf,True,train
hf_aptos_00634,data\raw\aptos\train_images\hf_aptos_00634.png,2,aptos_hf,True,train
hf_aptos_03335,data\raw\aptos\train_images\hf_aptos_03335.png,3,aptos_hf,True,train
hf_aptos_00344,data\raw\aptos\train_images\hf_aptos_00344.png,2,aptos_hf,True,train
hf_aptos_01796,data\raw\aptos\train_images\hf_aptos_01796.png,0,aptos_hf,True,train
hf_aptos_02356,data\raw\aptos\train_images\hf_aptos_02356.png,3,aptos_hf,True,train
hf_aptos_03010,data\raw\aptos\train_images\hf_aptos_03010.png,2,aptos_hf,True,train
hf_aptos_02137,data\raw\aptos\train_images\hf_aptos_02137.png,2,aptos_hf,True,train
hf_aptos_01581,data\raw\aptos\train_images\hf_aptos_01581.png,1,aptos_hf,True,train
hf_aptos_03548,data\raw\aptos\train_images\hf_aptos_03548.png,0,aptos_hf,True,train
hf_aptos_01809,data\raw\aptos\train_images\hf_aptos_01809.png,2,aptos_hf,True,train
hf_aptos_02805,data\raw\aptos\train_images\hf_aptos_02805.png,0,aptos_hf,True,train
hf_aptos_00801,data\raw\aptos\train_images\hf_aptos_00801.png,2,aptos_hf,True,train
hf_aptos_01113,data\raw\aptos\train_images\hf_aptos_01113.png,1,aptos_hf,True,train
hf_aptos_00170,data\raw\aptos\train_images\hf_aptos_00170.png,0,aptos_hf,True,train
hf_aptos_01893,data\raw\aptos\train_images\hf_aptos_01893.png,4,aptos_hf,True,train
hf_aptos_03386,data\raw\aptos\train_images\hf_aptos_03386.png,1,aptos_hf,True,train
hf_aptos_00974,data\raw\aptos\train_images\hf_aptos_00974.png,0,aptos_hf,True,train
hf_aptos_03515,data\raw\aptos\train_images\hf_aptos_03515.png,0,aptos_hf,True,train
hf_aptos_00149,data\raw\aptos\train_images\hf_aptos_00149.png,2,aptos_hf,True,train
hf_aptos_02464,data\raw\aptos\train_images\hf_aptos_02464.png,4,aptos_hf,True,train
hf_aptos_01558,data\raw\aptos\train_images\hf_aptos_01558.png,0,aptos_hf,True,train
hf_aptos_01403,data\raw\aptos\train_images\hf_aptos_01403.png,2,aptos_hf,True,train
hf_aptos_00839,data\raw\aptos\train_images\hf_aptos_00839.png,1,aptos_hf,True,train
hf_aptos_01844,data\raw\aptos\train_images\hf_aptos_01844.png,0,aptos_hf,True,train
hf_aptos_02872,data\raw\aptos\train_images\hf_aptos_02872.png,2,aptos_hf,True,train
hf_aptos_02830,data\raw\aptos\train_images\hf_aptos_02830.png,1,aptos_hf,True,train
hf_aptos_03478,data\raw\aptos\train_images\hf_aptos_03478.png,0,aptos_hf,True,train
hf_aptos_00166,data\raw\aptos\train_images\hf_aptos_00166.png,2,aptos_hf,True,train
hf_aptos_01440,data\raw\aptos\train_images\hf_aptos_01440.png,2,aptos_hf,True,train
hf_aptos_00488,data\raw\aptos\train_images\hf_aptos_00488.png,1,aptos_hf,True,train
hf_aptos_01745,data\raw\aptos\train_images\hf_aptos_01745.png,3,aptos_hf,True,train
hf_aptos_00360,data\raw\aptos\train_images\hf_aptos_00360.png,4,aptos_hf,True,train
hf_aptos_02533,data\raw\aptos\train_images\hf_aptos_02533.png,0,aptos_hf,True,train
hf_aptos_01150,data\raw\aptos\train_images\hf_aptos_01150.png,0,aptos_hf,True,train
hf_aptos_03641,data\raw\aptos\train_images\hf_aptos_03641.png,0,aptos_hf,True,train
hf_aptos_00303,data\raw\aptos\train_images\hf_aptos_00303.png,4,aptos_hf,True,train
hf_aptos_03496,data\raw\aptos\train_images\hf_aptos_03496.png,0,aptos_hf,True,train
hf_aptos_00293,data\raw\aptos\train_images\hf_aptos_00293.png,0,aptos_hf,True,train
hf_aptos_00022,data\raw\aptos\train_images\hf_aptos_00022.png,1,aptos_hf,True,train
hf_aptos_01483,data\raw\aptos\train_images\hf_aptos_01483.png,1,aptos_hf,True,train
hf_aptos_03143,data\raw\aptos\train_images\hf_aptos_03143.png,2,aptos_hf,True,train
hf_aptos_02722,data\raw\aptos\train_images\hf_aptos_02722.png,0,aptos_hf,True,train
hf_aptos_01197,data\raw\aptos\train_images\hf_aptos_01197.png,2,aptos_hf,True,train
hf_aptos_01547,data\raw\aptos\train_images\hf_aptos_01547.png,1,aptos_hf,True,train
hf_aptos_01030,data\raw\aptos\train_images\hf_aptos_01030.png,0,aptos_hf,True,train
hf_aptos_00508,data\raw\aptos\train_images\hf_aptos_00508.png,2,aptos_hf,True,train
hf_aptos_03401,data\raw\aptos\train_images\hf_aptos_03401.png,0,aptos_hf,True,train
hf_aptos_03332,data\raw\aptos\train_images\hf_aptos_03332.png,4,aptos_hf,True,train
hf_aptos_01228,data\raw\aptos\train_images\hf_aptos_01228.png,2,aptos_hf,True,train
hf_aptos_02142,data\raw\aptos\train_images\hf_aptos_02142.png,0,aptos_hf,True,train
hf_aptos_02705,data\raw\aptos\train_images\hf_aptos_02705.png,0,aptos_hf,True,train
hf_aptos_00966,data\raw\aptos\train_images\hf_aptos_00966.png,0,aptos_hf,True,train
hf_aptos_03327,data\raw\aptos\train_images\hf_aptos_03327.png,0,aptos_hf,True,train
hf_aptos_03127,data\raw\aptos\train_images\hf_aptos_03127.png,2,aptos_hf,True,train
hf_aptos_03198,data\raw\aptos\train_images\hf_aptos_03198.png,0,aptos_hf,True,train
hf_aptos_00061,data\raw\aptos\train_images\hf_aptos_00061.png,2,aptos_hf,True,train
hf_aptos_01410,data\raw\aptos\train_images\hf_aptos_01410.png,0,aptos_hf,True,train
hf_aptos_02981,data\raw\aptos\train_images\hf_aptos_02981.png,4,aptos_hf,True,train
hf_aptos_01495,data\raw\aptos\train_images\hf_aptos_01495.png,0,aptos_hf,True,train
hf_aptos_00530,data\raw\aptos\train_images\hf_aptos_00530.png,1,aptos_hf,True,train
hf_aptos_02239,data\raw\aptos\train_images\hf_aptos_02239.png,2,aptos_hf,True,train
hf_aptos_03551,data\raw\aptos\train_images\hf_aptos_03551.png,0,aptos_hf,True,train
hf_aptos_02720,data\raw\aptos\train_images\hf_aptos_02720.png,1,aptos_hf,True,train
hf_aptos_02109,data\raw\aptos\train_images\hf_aptos_02109.png,0,aptos_hf,True,train
hf_aptos_00147,data\raw\aptos\train_images\hf_aptos_00147.png,4,aptos_hf,True,train
hf_aptos_01864,data\raw\aptos\train_images\hf_aptos_01864.png,0,aptos_hf,True,train
hf_aptos_01675,data\raw\aptos\train_images\hf_aptos_01675.png,0,aptos_hf,True,train
hf_aptos_00330,data\raw\aptos\train_images\hf_aptos_00330.png,2,aptos_hf,True,train
hf_aptos_01339,data\raw\aptos\train_images\hf_aptos_01339.png,2,aptos_hf,True,train
hf_aptos_01665,data\raw\aptos\train_images\hf_aptos_01665.png,0,aptos_hf,True,train
hf_aptos_01380,data\raw\aptos\train_images\hf_aptos_01380.png,2,aptos_hf,True,train
hf_aptos_03181,data\raw\aptos\train_images\hf_aptos_03181.png,0,aptos_hf,True,train
hf_aptos_02087,data\raw\aptos\train_images\hf_aptos_02087.png,0,aptos_hf,True,train
hf_aptos_00683,data\raw\aptos\train_images\hf_aptos_00683.png,1,aptos_hf,True,train
hf_aptos_02662,data\raw\aptos\train_images\hf_aptos_02662.png,2,aptos_hf,True,train
hf_aptos_00034,data\raw\aptos\train_images\hf_aptos_00034.png,4,aptos_hf,True,train
hf_aptos_00986,data\raw\aptos\train_images\hf_aptos_00986.png,2,aptos_hf,True,train
hf_aptos_01682,data\raw\aptos\train_images\hf_aptos_01682.png,1,aptos_hf,True,train
hf_aptos_02862,data\raw\aptos\train_images\hf_aptos_02862.png,2,aptos_hf,True,train
hf_aptos_01142,data\raw\aptos\train_images\hf_aptos_01142.png,0,aptos_hf,True,train
hf_aptos_03043,data\raw\aptos\train_images\hf_aptos_03043.png,0,aptos_hf,True,train
hf_aptos_00831,data\raw\aptos\train_images\hf_aptos_00831.png,0,aptos_hf,True,train
hf_aptos_02312,data\raw\aptos\train_images\hf_aptos_02312.png,0,aptos_hf,True,train
hf_aptos_01014,data\raw\aptos\train_images\hf_aptos_01014.png,0,aptos_hf,True,train
hf_aptos_02104,data\raw\aptos\train_images\hf_aptos_02104.png,1,aptos_hf,True,train
hf_aptos_01619,data\raw\aptos\train_images\hf_aptos_01619.png,2,aptos_hf,True,train
hf_aptos_02180,data\raw\aptos\train_images\hf_aptos_02180.png,3,aptos_hf,True,train
hf_aptos_00042,data\raw\aptos\train_images\hf_aptos_00042.png,2,aptos_hf,True,train
hf_aptos_01238,data\raw\aptos\train_images\hf_aptos_01238.png,0,aptos_hf,True,train
hf_aptos_00714,data\raw\aptos\train_images\hf_aptos_00714.png,0,aptos_hf,True,train
hf_aptos_00796,data\raw\aptos\train_images\hf_aptos_00796.png,0,aptos_hf,True,train
hf_aptos_03589,data\raw\aptos\train_images\hf_aptos_03589.png,4,aptos_hf,True,train
hf_aptos_00002,data\raw\aptos\train_images\hf_aptos_00002.png,1,aptos_hf,True,train
hf_aptos_03040,data\raw\aptos\train_images\hf_aptos_03040.png,0,aptos_hf,True,train
hf_aptos_00619,data\raw\aptos\train_images\hf_aptos_00619.png,2,aptos_hf,True,train
hf_aptos_00960,data\raw\aptos\train_images\hf_aptos_00960.png,0,aptos_hf,True,train
hf_aptos_03345,data\raw\aptos\train_images\hf_aptos_03345.png,0,aptos_hf,True,train
hf_aptos_02054,data\raw\aptos\train_images\hf_aptos_02054.png,0,aptos_hf,True,train
hf_aptos_03201,data\raw\aptos\train_images\hf_aptos_03201.png,0,aptos_hf,True,train
hf_aptos_00276,data\raw\aptos\train_images\hf_aptos_00276.png,0,aptos_hf,True,train
hf_aptos_01708,data\raw\aptos\train_images\hf_aptos_01708.png,0,aptos_hf,True,train
hf_aptos_00251,data\raw\aptos\train_images\hf_aptos_00251.png,1,aptos_hf,True,train
hf_aptos_00733,data\raw\aptos\train_images\hf_aptos_00733.png,2,aptos_hf,True,train
hf_aptos_03321,data\raw\aptos\train_images\hf_aptos_03321.png,0,aptos_hf,True,train
hf_aptos_02173,data\raw\aptos\train_images\hf_aptos_02173.png,2,aptos_hf,True,train
hf_aptos_03580,data\raw\aptos\train_images\hf_aptos_03580.png,2,aptos_hf,True,train
hf_aptos_00226,data\raw\aptos\train_images\hf_aptos_00226.png,0,aptos_hf,True,train
hf_aptos_01512,data\raw\aptos\train_images\hf_aptos_01512.png,0,aptos_hf,True,train
hf_aptos_03348,data\raw\aptos\train_images\hf_aptos_03348.png,2,aptos_hf,True,train
hf_aptos_03330,data\raw\aptos\train_images\hf_aptos_03330.png,2,aptos_hf,True,train
hf_aptos_01263,data\raw\aptos\train_images\hf_aptos_01263.png,0,aptos_hf,True,train
hf_aptos_01119,data\raw\aptos\train_images\hf_aptos_01119.png,1,aptos_hf,True,train
hf_aptos_00784,data\raw\aptos\train_images\hf_aptos_00784.png,1,aptos_hf,True,train
hf_aptos_01272,data\raw\aptos\train_images\hf_aptos_01272.png,0,aptos_hf,True,train
hf_aptos_02482,data\raw\aptos\train_images\hf_aptos_02482.png,0,aptos_hf,True,train
hf_aptos_02414,data\raw\aptos\train_images\hf_aptos_02414.png,0,aptos_hf,True,train
hf_aptos_03203,data\raw\aptos\train_images\hf_aptos_03203.png,0,aptos_hf,True,train
hf_aptos_01880,data\raw\aptos\train_images\hf_aptos_01880.png,1,aptos_hf,True,train
hf_aptos_02800,data\raw\aptos\train_images\hf_aptos_02800.png,0,aptos_hf,True,train
hf_aptos_02052,data\raw\aptos\train_images\hf_aptos_02052.png,0,aptos_hf,True,train
hf_aptos_02230,data\raw\aptos\train_images\hf_aptos_02230.png,0,aptos_hf,True,train
hf_aptos_00234,data\raw\aptos\train_images\hf_aptos_00234.png,1,aptos_hf,True,train
hf_aptos_00610,data\raw\aptos\train_images\hf_aptos_00610.png,2,aptos_hf,True,train
hf_aptos_01997,data\raw\aptos\train_images\hf_aptos_01997.png,0,aptos_hf,True,train
hf_aptos_01426,data\raw\aptos\train_images\hf_aptos_01426.png,2,aptos_hf,True,train
hf_aptos_00675,data\raw\aptos\train_images\hf_aptos_00675.png,0,aptos_hf,True,train
hf_aptos_01435,data\raw\aptos\train_images\hf_aptos_01435.png,4,aptos_hf,True,train
hf_aptos_03053,data\raw\aptos\train_images\hf_aptos_03053.png,3,aptos_hf,True,train
hf_aptos_01943,data\raw\aptos\train_images\hf_aptos_01943.png,0,aptos_hf,True,train
hf_aptos_03312,data\raw\aptos\train_images\hf_aptos_03312.png,0,aptos_hf,True,train
hf_aptos_01024,data\raw\aptos\train_images\hf_aptos_01024.png,3,aptos_hf,True,train
hf_aptos_01820,data\raw\aptos\train_images\hf_aptos_01820.png,0,aptos_hf,True,train
hf_aptos_02224,data\raw\aptos\train_images\hf_aptos_02224.png,0,aptos_hf,True,train
hf_aptos_01038,data\raw\aptos\train_images\hf_aptos_01038.png,0,aptos_hf,True,train
hf_aptos_00441,data\raw\aptos\train_images\hf_aptos_00441.png,0,aptos_hf,True,train
hf_aptos_01323,data\raw\aptos\train_images\hf_aptos_01323.png,4,aptos_hf,True,train
hf_aptos_02785,data\raw\aptos\train_images\hf_aptos_02785.png,2,aptos_hf,True,train
hf_aptos_03470,data\raw\aptos\train_images\hf_aptos_03470.png,0,aptos_hf,True,train
hf_aptos_03144,data\raw\aptos\train_images\hf_aptos_03144.png,0,aptos_hf,True,train
hf_aptos_02520,data\raw\aptos\train_images\hf_aptos_02520.png,0,aptos_hf,True,train
hf_aptos_00189,data\raw\aptos\train_images\hf_aptos_00189.png,3,aptos_hf,True,train
hf_aptos_01203,data\raw\aptos\train_images\hf_aptos_01203.png,0,aptos_hf,True,train
hf_aptos_02484,data\raw\aptos\train_images\hf_aptos_02484.png,2,aptos_hf,True,train
hf_aptos_02599,data\raw\aptos\train_images\hf_aptos_02599.png,2,aptos_hf,True,train
hf_aptos_00489,data\raw\aptos\train_images\hf_aptos_00489.png,2,aptos_hf,True,train
hf_aptos_00028,data\raw\aptos\train_images\hf_aptos_00028.png,0,aptos_hf,True,train
hf_aptos_01937,data\raw\aptos\train_images\hf_aptos_01937.png,0,aptos_hf,True,train
hf_aptos_00504,data\raw\aptos\train_images\hf_aptos_00504.png,0,aptos_hf,True,train
hf_aptos_03304,data\raw\aptos\train_images\hf_aptos_03304.png,1,aptos_hf,True,train
hf_aptos_02170,data\raw\aptos\train_images\hf_aptos_02170.png,2,aptos_hf,True,train
hf_aptos_01810,data\raw\aptos\train_images\hf_aptos_01810.png,2,aptos_hf,True,train
hf_aptos_00449,data\raw\aptos\train_images\hf_aptos_00449.png,0,aptos_hf,True,train
hf_aptos_01503,data\raw\aptos\train_images\hf_aptos_01503.png,0,aptos_hf,True,train
hf_aptos_02781,data\raw\aptos\train_images\hf_aptos_02781.png,0,aptos_hf,True,train
hf_aptos_01925,data\raw\aptos\train_images\hf_aptos_01925.png,4,aptos_hf,True,train
hf_aptos_03554,data\raw\aptos\train_images\hf_aptos_03554.png,0,aptos_hf,True,train
hf_aptos_01567,data\raw\aptos\train_images\hf_aptos_01567.png,0,aptos_hf,True,train
hf_aptos_02546,data\raw\aptos\train_images\hf_aptos_02546.png,0,aptos_hf,True,train
hf_aptos_01311,data\raw\aptos\train_images\hf_aptos_01311.png,0,aptos_hf,True,train
hf_aptos_01298,data\raw\aptos\train_images\hf_aptos_01298.png,0,aptos_hf,True,train
hf_aptos_02996,data\raw\aptos\train_images\hf_aptos_02996.png,0,aptos_hf,True,train
hf_aptos_02254,data\raw\aptos\train_images\hf_aptos_02254.png,1,aptos_hf,True,train
hf_aptos_00994,data\raw\aptos\train_images\hf_aptos_00994.png,0,aptos_hf,True,train
hf_aptos_00520,data\raw\aptos\train_images\hf_aptos_00520.png,2,aptos_hf,True,train
hf_aptos_02906,data\raw\aptos\train_images\hf_aptos_02906.png,1,aptos_hf,True,train
hf_aptos_03429,data\raw\aptos\train_images\hf_aptos_03429.png,0,aptos_hf,True,train
hf_aptos_01414,data\raw\aptos\train_images\hf_aptos_01414.png,0,aptos_hf,True,train
hf_aptos_01285,data\raw\aptos\train_images\hf_aptos_01285.png,0,aptos_hf,True,train
hf_aptos_02595,data\raw\aptos\train_images\hf_aptos_02595.png,0,aptos_hf,True,train
hf_aptos_01398,data\raw\aptos\train_images\hf_aptos_01398.png,0,aptos_hf,True,train
hf_aptos_03132,data\raw\aptos\train_images\hf_aptos_03132.png,2,aptos_hf,True,train
hf_aptos_03326,data\raw\aptos\train_images\hf_aptos_03326.png,2,aptos_hf,True,train
hf_aptos_02352,data\raw\aptos\train_images\hf_aptos_02352.png,2,aptos_hf,True,train
hf_aptos_01378,data\raw\aptos\train_images\hf_aptos_01378.png,2,aptos_hf,True,train
hf_aptos_01005,data\raw\aptos\train_images\hf_aptos_01005.png,2,aptos_hf,True,train
hf_aptos_00635,data\raw\aptos\train_images\hf_aptos_00635.png,0,aptos_hf,True,train
hf_aptos_00211,data\raw\aptos\train_images\hf_aptos_00211.png,0,aptos_hf,True,train
hf_aptos_01407,data\raw\aptos\train_images\hf_aptos_01407.png,1,aptos_hf,True,train
hf_aptos_00786,data\raw\aptos\train_images\hf_aptos_00786.png,0,aptos_hf,True,train
hf_aptos_03033,data\raw\aptos\train_images\hf_aptos_03033.png,0,aptos_hf,True,train
hf_aptos_03555,data\raw\aptos\train_images\hf_aptos_03555.png,1,aptos_hf,True,train
hf_aptos_01620,data\raw\aptos\train_images\hf_aptos_01620.png,3,aptos_hf,True,train
hf_aptos_01771,data\raw\aptos\train_images\hf_aptos_01771.png,2,aptos_hf,True,train
hf_aptos_00574,data\raw\aptos\train_images\hf_aptos_00574.png,2,aptos_hf,True,train
hf_aptos_02641,data\raw\aptos\train_images\hf_aptos_02641.png,2,aptos_hf,True,train
hf_aptos_00190,data\raw\aptos\train_images\hf_aptos_00190.png,1,aptos_hf,True,train
hf_aptos_01074,data\raw\aptos\train_images\hf_aptos_01074.png,2,aptos_hf,True,train
hf_aptos_01599,data\raw\aptos\train_images\hf_aptos_01599.png,2,aptos_hf,True,train
hf_aptos_01727,data\raw\aptos\train_images\hf_aptos_01727.png,0,aptos_hf,True,train
hf_aptos_02978,data\raw\aptos\train_images\hf_aptos_02978.png,0,aptos_hf,True,train
hf_aptos_00749,data\raw\aptos\train_images\hf_aptos_00749.png,0,aptos_hf,True,train
hf_aptos_02376,data\raw\aptos\train_images\hf_aptos_02376.png,2,aptos_hf,True,train
hf_aptos_00011,data\raw\aptos\train_images\hf_aptos_00011.png,2,aptos_hf,True,train
hf_aptos_01729,data\raw\aptos\train_images\hf_aptos_01729.png,0,aptos_hf,True,train
hf_aptos_02523,data\raw\aptos\train_images\hf_aptos_02523.png,0,aptos_hf,True,train
hf_aptos_01124,data\raw\aptos\train_images\hf_aptos_01124.png,1,aptos_hf,True,train
hf_aptos_02079,data\raw\aptos\train_images\hf_aptos_02079.png,0,aptos_hf,True,train
hf_aptos_02910,data\raw\aptos\train_images\hf_aptos_02910.png,2,aptos_hf,True,train
hf_aptos_00543,data\raw\aptos\train_images\hf_aptos_00543.png,3,aptos_hf,True,train
hf_aptos_03360,data\raw\aptos\train_images\hf_aptos_03360.png,2,aptos_hf,True,train
hf_aptos_00458,data\raw\aptos\train_images\hf_aptos_00458.png,0,aptos_hf,True,train
hf_aptos_03380,data\raw\aptos\train_images\hf_aptos_03380.png,0,aptos_hf,True,train
hf_aptos_00423,data\raw\aptos\train_images\hf_aptos_00423.png,0,aptos_hf,True,train
hf_aptos_01009,data\raw\aptos\train_images\hf_aptos_01009.png,2,aptos_hf,True,train
hf_aptos_03037,data\raw\aptos\train_images\hf_aptos_03037.png,2,aptos_hf,True,train
hf_aptos_01534,data\raw\aptos\train_images\hf_aptos_01534.png,0,aptos_hf,True,train
hf_aptos_00601,data\raw\aptos\train_images\hf_aptos_00601.png,2,aptos_hf,True,train
hf_aptos_02308,data\raw\aptos\train_images\hf_aptos_02308.png,1,aptos_hf,True,train
hf_aptos_02319,data\raw\aptos\train_images\hf_aptos_02319.png,0,aptos_hf,True,train
hf_aptos_03342,data\raw\aptos\train_images\hf_aptos_03342.png,2,aptos_hf,True,train
hf_aptos_00288,data\raw\aptos\train_images\hf_aptos_00288.png,2,aptos_hf,True,train
hf_aptos_01270,data\raw\aptos\train_images\hf_aptos_01270.png,1,aptos_hf,True,train
hf_aptos_00175,data\raw\aptos\train_images\hf_aptos_00175.png,2,aptos_hf,True,train
hf_aptos_00230,data\raw\aptos\train_images\hf_aptos_00230.png,1,aptos_hf,True,train
hf_aptos_00474,data\raw\aptos\train_images\hf_aptos_00474.png,4,aptos_hf,True,train
hf_aptos_00514,data\raw\aptos\train_images\hf_aptos_00514.png,1,aptos_hf,True,train
hf_aptos_03282,data\raw\aptos\train_images\hf_aptos_03282.png,2,aptos_hf,True,train
hf_aptos_02542,data\raw\aptos\train_images\hf_aptos_02542.png,0,aptos_hf,True,train
hf_aptos_03291,data\raw\aptos\train_images\hf_aptos_03291.png,0,aptos_hf,True,train
hf_aptos_01241,data\raw\aptos\train_images\hf_aptos_01241.png,0,aptos_hf,True,train
hf_aptos_00212,data\raw\aptos\train_images\hf_aptos_00212.png,0,aptos_hf,True,train
hf_aptos_02443,data\raw\aptos\train_images\hf_aptos_02443.png,3,aptos_hf,True,train
hf_aptos_00943,data\raw\aptos\train_images\hf_aptos_00943.png,0,aptos_hf,True,train
hf_aptos_02311,data\raw\aptos\train_images\hf_aptos_02311.png,0,aptos_hf,True,train
hf_aptos_03025,data\raw\aptos\train_images\hf_aptos_03025.png,2,aptos_hf,True,train
hf_aptos_00486,data\raw\aptos\train_images\hf_aptos_00486.png,0,aptos_hf,True,train
hf_aptos_02386,data\raw\aptos\train_images\hf_aptos_02386.png,0,aptos_hf,True,train
hf_aptos_03459,data\raw\aptos\train_images\hf_aptos_03459.png,0,aptos_hf,True,train
hf_aptos_02572,data\raw\aptos\train_images\hf_aptos_02572.png,0,aptos_hf,True,train
hf_aptos_01629,data\raw\aptos\train_images\hf_aptos_01629.png,1,aptos_hf,True,train
hf_aptos_02437,data\raw\aptos\train_images\hf_aptos_02437.png,0,aptos_hf,True,train
hf_aptos_03278,data\raw\aptos\train_images\hf_aptos_03278.png,2,aptos_hf,True,train
hf_aptos_00086,data\raw\aptos\train_images\hf_aptos_00086.png,0,aptos_hf,True,train
hf_aptos_01043,data\raw\aptos\train_images\hf_aptos_01043.png,4,aptos_hf,True,train
hf_aptos_01664,data\raw\aptos\train_images\hf_aptos_01664.png,0,aptos_hf,True,train
hf_aptos_01049,data\raw\aptos\train_images\hf_aptos_01049.png,2,aptos_hf,True,train
hf_aptos_02831,data\raw\aptos\train_images\hf_aptos_02831.png,0,aptos_hf,True,train
hf_aptos_01125,data\raw\aptos\train_images\hf_aptos_01125.png,3,aptos_hf,True,train
hf_aptos_00663,data\raw\aptos\train_images\hf_aptos_00663.png,1,aptos_hf,True,train
hf_aptos_01346,data\raw\aptos\train_images\hf_aptos_01346.png,0,aptos_hf,True,train
hf_aptos_00737,data\raw\aptos\train_images\hf_aptos_00737.png,3,aptos_hf,True,train
hf_aptos_03228,data\raw\aptos\train_images\hf_aptos_03228.png,3,aptos_hf,True,train
hf_aptos_01073,data\raw\aptos\train_images\hf_aptos_01073.png,0,aptos_hf,True,train
hf_aptos_03407,data\raw\aptos\train_images\hf_aptos_03407.png,0,aptos_hf,True,train
hf_aptos_03561,data\raw\aptos\train_images\hf_aptos_03561.png,2,aptos_hf,True,train
hf_aptos_01981,data\raw\aptos\train_images\hf_aptos_01981.png,4,aptos_hf,True,train
hf_aptos_02427,data\raw\aptos\train_images\hf_aptos_02427.png,2,aptos_hf,True,train
hf_aptos_03220,data\raw\aptos\train_images\hf_aptos_03220.png,2,aptos_hf,True,train
hf_aptos_02003,data\raw\aptos\train_images\hf_aptos_02003.png,2,aptos_hf,True,train
hf_aptos_00155,data\raw\aptos\train_images\hf_aptos_00155.png,0,aptos_hf,True,train
hf_aptos_00008,data\raw\aptos\train_images\hf_aptos_00008.png,2,aptos_hf,True,train
hf_aptos_03295,data\raw\aptos\train_images\hf_aptos_03295.png,0,aptos_hf,True,train
hf_aptos_02617,data\raw\aptos\train_images\hf_aptos_02617.png,0,aptos_hf,True,train
hf_aptos_02233,data\raw\aptos\train_images\hf_aptos_02233.png,2,aptos_hf,True,train
hf_aptos_00428,data\raw\aptos\train_images\hf_aptos_00428.png,2,aptos_hf,True,train
hf_aptos_00686,data\raw\aptos\train_images\hf_aptos_00686.png,2,aptos_hf,True,train
hf_aptos_01984,data\raw\aptos\train_images\hf_aptos_01984.png,0,aptos_hf,True,train
hf_aptos_01194,data\raw\aptos\train_images\hf_aptos_01194.png,0,aptos_hf,True,train
hf_aptos_01684,data\raw\aptos\train_images\hf_aptos_01684.png,2,aptos_hf,True,train
hf_aptos_02798,data\raw\aptos\train_images\hf_aptos_02798.png,0,aptos_hf,True,train
hf_aptos_03560,data\raw\aptos\train_images\hf_aptos_03560.png,1,aptos_hf,True,train
hf_aptos_00393,data\raw\aptos\train_images\hf_aptos_00393.png,0,aptos_hf,True,train
hf_aptos_03161,data\raw\aptos\train_images\hf_aptos_03161.png,2,aptos_hf,True,train
hf_aptos_01033,data\raw\aptos\train_images\hf_aptos_01033.png,2,aptos_hf,True,train
hf_aptos_01896,data\raw\aptos\train_images\hf_aptos_01896.png,2,aptos_hf,True,train
hf_aptos_03014,data\raw\aptos\train_images\hf_aptos_03014.png,0,aptos_hf,True,train
hf_aptos_02762,data\raw\aptos\train_images\hf_aptos_02762.png,2,aptos_hf,True,train
hf_aptos_02130,data\raw\aptos\train_images\hf_aptos_02130.png,2,aptos_hf,True,train
hf_aptos_01519,data\raw\aptos\train_images\hf_aptos_01519.png,0,aptos_hf,True,train
hf_aptos_00596,data\raw\aptos\train_images\hf_aptos_00596.png,0,aptos_hf,True,train
hf_aptos_01949,data\raw\aptos\train_images\hf_aptos_01949.png,3,aptos_hf,True,train
hf_aptos_00071,data\raw\aptos\train_images\hf_aptos_00071.png,1,aptos_hf,True,train
hf_aptos_00590,data\raw\aptos\train_images\hf_aptos_00590.png,1,aptos_hf,True,train
hf_aptos_03632,data\raw\aptos\train_images\hf_aptos_03632.png,0,aptos_hf,True,train
hf_aptos_03160,data\raw\aptos\train_images\hf_aptos_03160.png,0,aptos_hf,True,train
hf_aptos_03187,data\raw\aptos\train_images\hf_aptos_03187.png,4,aptos_hf,True,train
hf_aptos_03313,data\raw\aptos\train_images\hf_aptos_03313.png,0,aptos_hf,True,train
hf_aptos_01932,data\raw\aptos\train_images\hf_aptos_01932.png,0,aptos_hf,True,train
hf_aptos_02508,data\raw\aptos\train_images\hf_aptos_02508.png,2,aptos_hf,True,train
hf_aptos_01805,data\raw\aptos\train_images\hf_aptos_01805.png,0,aptos_hf,True,train
hf_aptos_03180,data\raw\aptos\train_images\hf_aptos_03180.png,1,aptos_hf,True,train
hf_aptos_01901,data\raw\aptos\train_images\hf_aptos_01901.png,0,aptos_hf,True,train
hf_aptos_02147,data\raw\aptos\train_images\hf_aptos_02147.png,1,aptos_hf,True,train
hf_aptos_00607,data\raw\aptos\train_images\hf_aptos_00607.png,1,aptos_hf,True,train
hf_aptos_01941,data\raw\aptos\train_images\hf_aptos_01941.png,2,aptos_hf,True,train
hf_aptos_01877,data\raw\aptos\train_images\hf_aptos_01877.png,0,aptos_hf,True,train
hf_aptos_02384,data\raw\aptos\train_images\hf_aptos_02384.png,0,aptos_hf,True,train
hf_aptos_00840,data\raw\aptos\train_images\hf_aptos_00840.png,4,aptos_hf,True,train
hf_aptos_00659,data\raw\aptos\train_images\hf_aptos_00659.png,0,aptos_hf,True,train
hf_aptos_00838,data\raw\aptos\train_images\hf_aptos_00838.png,1,aptos_hf,True,train
hf_aptos_00940,data\raw\aptos\train_images\hf_aptos_00940.png,0,aptos_hf,True,train
hf_aptos_02085,data\raw\aptos\train_images\hf_aptos_02085.png,0,aptos_hf,True,train
hf_aptos_00340,data\raw\aptos\train_images\hf_aptos_00340.png,2,aptos_hf,True,train
hf_aptos_03108,data\raw\aptos\train_images\hf_aptos_03108.png,0,aptos_hf,True,train
hf_aptos_00013,data\raw\aptos\train_images\hf_aptos_00013.png,3,aptos_hf,True,train
hf_aptos_01741,data\raw\aptos\train_images\hf_aptos_01741.png,0,aptos_hf,True,train
hf_aptos_00455,data\raw\aptos\train_images\hf_aptos_00455.png,1,aptos_hf,True,train
hf_aptos_01122,data\raw\aptos\train_images\hf_aptos_01122.png,2,aptos_hf,True,train
hf_aptos_02151,data\raw\aptos\train_images\hf_aptos_02151.png,2,aptos_hf,True,train
hf_aptos_00652,data\raw\aptos\train_images\hf_aptos_00652.png,2,aptos_hf,True,train
hf_aptos_01120,data\raw\aptos\train_images\hf_aptos_01120.png,2,aptos_hf,True,train
hf_aptos_02477,data\raw\aptos\train_images\hf_aptos_02477.png,1,aptos_hf,True,train
hf_aptos_02084,data\raw\aptos\train_images\hf_aptos_02084.png,0,aptos_hf,True,train
hf_aptos_01412,data\raw\aptos\train_images\hf_aptos_01412.png,2,aptos_hf,True,train
hf_aptos_02483,data\raw\aptos\train_images\hf_aptos_02483.png,0,aptos_hf,True,train
hf_aptos_03035,data\raw\aptos\train_images\hf_aptos_03035.png,4,aptos_hf,True,train
hf_aptos_00130,data\raw\aptos\train_images\hf_aptos_00130.png,0,aptos_hf,True,train
hf_aptos_02943,data\raw\aptos\train_images\hf_aptos_02943.png,4,aptos_hf,True,train
hf_aptos_01770,data\raw\aptos\train_images\hf_aptos_01770.png,2,aptos_hf,True,train
hf_aptos_02618,data\raw\aptos\train_images\hf_aptos_02618.png,2,aptos_hf,True,train
hf_aptos_00298,data\raw\aptos\train_images\hf_aptos_00298.png,0,aptos_hf,True,train
hf_aptos_03094,data\raw\aptos\train_images\hf_aptos_03094.png,0,aptos_hf,True,train
hf_aptos_01746,data\raw\aptos\train_images\hf_aptos_01746.png,0,aptos_hf,True,train
hf_aptos_02527,data\raw\aptos\train_images\hf_aptos_02527.png,2,aptos_hf,True,train
hf_aptos_01647,data\raw\aptos\train_images\hf_aptos_01647.png,0,aptos_hf,True,train
hf_aptos_00401,data\raw\aptos\train_images\hf_aptos_00401.png,1,aptos_hf,True,train
hf_aptos_00629,data\raw\aptos\train_images\hf_aptos_00629.png,0,aptos_hf,True,train
hf_aptos_03225,data\raw\aptos\train_images\hf_aptos_03225.png,1,aptos_hf,True,train
hf_aptos_01646,data\raw\aptos\train_images\hf_aptos_01646.png,2,aptos_hf,True,train
hf_aptos_01602,data\raw\aptos\train_images\hf_aptos_01602.png,2,aptos_hf,True,train
hf_aptos_03565,data\raw\aptos\train_images\hf_aptos_03565.png,0,aptos_hf,True,train
hf_aptos_02274,data\raw\aptos\train_images\hf_aptos_02274.png,2,aptos_hf,True,train
hf_aptos_02864,data\raw\aptos\train_images\hf_aptos_02864.png,4,aptos_hf,True,train
hf_aptos_01160,data\raw\aptos\train_images\hf_aptos_01160.png,2,aptos_hf,True,train
hf_aptos_00612,data\raw\aptos\train_images\hf_aptos_00612.png,0,aptos_hf,True,train
hf_aptos_00237,data\raw\aptos\train_images\hf_aptos_00237.png,2,aptos_hf,True,train
hf_aptos_02509,data\raw\aptos\train_images\hf_aptos_02509.png,0,aptos_hf,True,train
hf_aptos_03404,data\raw\aptos\train_images\hf_aptos_03404.png,1,aptos_hf,True,train
hf_aptos_03458,data\raw\aptos\train_images\hf_aptos_03458.png,0,aptos_hf,True,train
hf_aptos_03329,data\raw\aptos\train_images\hf_aptos_03329.png,2,aptos_hf,True,train
hf_aptos_02505,data\raw\aptos\train_images\hf_aptos_02505.png,3,aptos_hf,True,train
hf_aptos_02400,data\raw\aptos\train_images\hf_aptos_02400.png,1,aptos_hf,True,train
hf_aptos_01920,data\raw\aptos\train_images\hf_aptos_01920.png,4,aptos_hf,True,train
hf_aptos_00139,data\raw\aptos\train_images\hf_aptos_00139.png,1,aptos_hf,True,train
hf_aptos_03177,data\raw\aptos\train_images\hf_aptos_03177.png,0,aptos_hf,True,train
hf_aptos_02168,data\raw\aptos\train_images\hf_aptos_02168.png,0,aptos_hf,True,train
hf_aptos_00657,data\raw\aptos\train_images\hf_aptos_00657.png,0,aptos_hf,True,train
hf_aptos_02102,data\raw\aptos\train_images\hf_aptos_02102.png,0,aptos_hf,True,train
hf_aptos_01050,data\raw\aptos\train_images\hf_aptos_01050.png,0,aptos_hf,True,train
hf_aptos_00324,data\raw\aptos\train_images\hf_aptos_00324.png,0,aptos_hf,True,train
hf_aptos_00886,data\raw\aptos\train_images\hf_aptos_00886.png,2,aptos_hf,True,train
hf_aptos_03319,data\raw\aptos\train_images\hf_aptos_03319.png,2,aptos_hf,True,train
hf_aptos_00648,data\raw\aptos\train_images\hf_aptos_00648.png,0,aptos_hf,True,train
hf_aptos_03136,data\raw\aptos\train_images\hf_aptos_03136.png,2,aptos_hf,True,train
hf_aptos_00114,data\raw\aptos\train_images\hf_aptos_00114.png,2,aptos_hf,True,train
hf_aptos_00616,data\raw\aptos\train_images\hf_aptos_00616.png,3,aptos_hf,True,train
hf_aptos_01815,data\raw\aptos\train_images\hf_aptos_01815.png,0,aptos_hf,True,train
hf_aptos_00585,data\raw\aptos\train_images\hf_aptos_00585.png,2,aptos_hf,True,train
hf_aptos_01390,data\raw\aptos\train_images\hf_aptos_01390.png,3,aptos_hf,True,train
hf_aptos_03098,data\raw\aptos\train_images\hf_aptos_03098.png,0,aptos_hf,True,train
hf_aptos_00716,data\raw\aptos\train_images\hf_aptos_00716.png,0,aptos_hf,True,train
hf_aptos_01855,data\raw\aptos\train_images\hf_aptos_01855.png,0,aptos_hf,True,train
hf_aptos_01987,data\raw\aptos\train_images\hf_aptos_01987.png,0,aptos_hf,True,train
hf_aptos_01622,data\raw\aptos\train_images\hf_aptos_01622.png,0,aptos_hf,True,train
hf_aptos_02934,data\raw\aptos\train_images\hf_aptos_02934.png,0,aptos_hf,True,train
hf_aptos_03448,data\raw\aptos\train_images\hf_aptos_03448.png,0,aptos_hf,True,train
hf_aptos_01384,data\raw\aptos\train_images\hf_aptos_01384.png,4,aptos_hf,True,train
hf_aptos_02642,data\raw\aptos\train_images\hf_aptos_02642.png,0,aptos_hf,True,train
hf_aptos_01899,data\raw\aptos\train_images\hf_aptos_01899.png,0,aptos_hf,True,train
hf_aptos_02222,data\raw\aptos\train_images\hf_aptos_02222.png,3,aptos_hf,True,train
hf_aptos_00651,data\raw\aptos\train_images\hf_aptos_00651.png,4,aptos_hf,True,train
hf_aptos_00944,data\raw\aptos\train_images\hf_aptos_00944.png,2,aptos_hf,True,train
hf_aptos_01000,data\raw\aptos\train_images\hf_aptos_01000.png,2,aptos_hf,True,train
hf_aptos_01394,data\raw\aptos\train_images\hf_aptos_01394.png,4,aptos_hf,True,train
hf_aptos_01223,data\raw\aptos\train_images\hf_aptos_01223.png,0,aptos_hf,True,train
hf_aptos_00049,data\raw\aptos\train_images\hf_aptos_00049.png,3,aptos_hf,True,train
hf_aptos_01333,data\raw\aptos\train_images\hf_aptos_01333.png,0,aptos_hf,True,train
hf_aptos_00762,data\raw\aptos\train_images\hf_aptos_00762.png,0,aptos_hf,True,train
hf_aptos_02458,data\raw\aptos\train_images\hf_aptos_02458.png,0,aptos_hf,True,train
hf_aptos_02107,data\raw\aptos\train_images\hf_aptos_02107.png,1,aptos_hf,True,train
hf_aptos_03184,data\raw\aptos\train_images\hf_aptos_03184.png,0,aptos_hf,True,train
hf_aptos_00470,data\raw\aptos\train_images\hf_aptos_00470.png,2,aptos_hf,True,train
hf_aptos_02296,data\raw\aptos\train_images\hf_aptos_02296.png,0,aptos_hf,True,train
hf_aptos_03145,data\raw\aptos\train_images\hf_aptos_03145.png,1,aptos_hf,True,train
hf_aptos_02040,data\raw\aptos\train_images\hf_aptos_02040.png,1,aptos_hf,True,train
hf_aptos_01141,data\raw\aptos\train_images\hf_aptos_01141.png,0,aptos_hf,True,train
hf_aptos_00102,data\raw\aptos\train_images\hf_aptos_00102.png,0,aptos_hf,True,train
hf_aptos_02615,data\raw\aptos\train_images\hf_aptos_02615.png,0,aptos_hf,True,train
hf_aptos_02148,data\raw\aptos\train_images\hf_aptos_02148.png,1,aptos_hf,True,train
hf_aptos_00420,data\raw\aptos\train_images\hf_aptos_00420.png,0,aptos_hf,True,train
hf_aptos_03078,data\raw\aptos\train_images\hf_aptos_03078.png,1,aptos_hf,True,train
hf_aptos_02165,data\raw\aptos\train_images\hf_aptos_02165.png,0,aptos_hf,True,train
hf_aptos_02347,data\raw\aptos\train_images\hf_aptos_02347.png,0,aptos_hf,True,train
hf_aptos_00116,data\raw\aptos\train_images\hf_aptos_00116.png,0,aptos_hf,True,train
hf_aptos_02436,data\raw\aptos\train_images\hf_aptos_02436.png,0,aptos_hf,True,train
hf_aptos_02385,data\raw\aptos\train_images\hf_aptos_02385.png,2,aptos_hf,True,train
hf_aptos_02866,data\raw\aptos\train_images\hf_aptos_02866.png,0,aptos_hf,True,train
hf_aptos_03592,data\raw\aptos\train_images\hf_aptos_03592.png,0,aptos_hf,True,train
hf_aptos_03111,data\raw\aptos\train_images\hf_aptos_03111.png,1,aptos_hf,True,train
hf_aptos_03200,data\raw\aptos\train_images\hf_aptos_03200.png,0,aptos_hf,True,train
hf_aptos_02465,data\raw\aptos\train_images\hf_aptos_02465.png,0,aptos_hf,True,train
hf_aptos_02890,data\raw\aptos\train_images\hf_aptos_02890.png,4,aptos_hf,True,train
hf_aptos_01738,data\raw\aptos\train_images\hf_aptos_01738.png,0,aptos_hf,True,train
hf_aptos_01420,data\raw\aptos\train_images\hf_aptos_01420.png,1,aptos_hf,True,train
hf_aptos_01004,data\raw\aptos\train_images\hf_aptos_01004.png,0,aptos_hf,True,train
hf_aptos_00641,data\raw\aptos\train_images\hf_aptos_00641.png,0,aptos_hf,True,train
hf_aptos_03301,data\raw\aptos\train_images\hf_aptos_03301.png,0,aptos_hf,True,train
hf_aptos_03399,data\raw\aptos\train_images\hf_aptos_03399.png,4,aptos_hf,True,train
hf_aptos_02063,data\raw\aptos\train_images\hf_aptos_02063.png,0,aptos_hf,True,train
hf_aptos_00346,data\raw\aptos\train_images\hf_aptos_00346.png,0,aptos_hf,True,train
hf_aptos_00242,data\raw\aptos\train_images\hf_aptos_00242.png,0,aptos_hf,True,train
hf_aptos_03230,data\raw\aptos\train_images\hf_aptos_03230.png,2,aptos_hf,True,train
hf_aptos_01248,data\raw\aptos\train_images\hf_aptos_01248.png,0,aptos_hf,True,train
hf_aptos_00975,data\raw\aptos\train_images\hf_aptos_00975.png,3,aptos_hf,True,train
hf_aptos_03411,data\raw\aptos\train_images\hf_aptos_03411.png,2,aptos_hf,True,train
hf_aptos_02273,data\raw\aptos\train_images\hf_aptos_02273.png,2,aptos_hf,True,train
hf_aptos_02778,data\raw\aptos\train_images\hf_aptos_02778.png,4,aptos_hf,True,train
hf_aptos_01750,data\raw\aptos\train_images\hf_aptos_01750.png,0,aptos_hf,True,train
hf_aptos_03216,data\raw\aptos\train_images\hf_aptos_03216.png,0,aptos_hf,True,train
hf_aptos_00608,data\raw\aptos\train_images\hf_aptos_00608.png,0,aptos_hf,True,train
hf_aptos_03156,data\raw\aptos\train_images\hf_aptos_03156.png,0,aptos_hf,True,train
hf_aptos_03484,data\raw\aptos\train_images\hf_aptos_03484.png,0,aptos_hf,True,train
hf_aptos_02234,data\raw\aptos\train_images\hf_aptos_02234.png,0,aptos_hf,True,train
hf_aptos_01683,data\raw\aptos\train_images\hf_aptos_01683.png,0,aptos_hf,True,train
hf_aptos_01173,data\raw\aptos\train_images\hf_aptos_01173.png,2,aptos_hf,True,train
hf_aptos_01869,data\raw\aptos\train_images\hf_aptos_01869.png,1,aptos_hf,True,train
hf_aptos_02242,data\raw\aptos\train_images\hf_aptos_02242.png,2,aptos_hf,True,train
hf_aptos_00914,data\raw\aptos\train_images\hf_aptos_00914.png,2,aptos_hf,True,train
hf_aptos_02877,data\raw\aptos\train_images\hf_aptos_02877.png,1,aptos_hf,True,train
hf_aptos_00101,data\raw\aptos\train_images\hf_aptos_00101.png,2,aptos_hf,True,train
hf_aptos_02936,data\raw\aptos\train_images\hf_aptos_02936.png,0,aptos_hf,True,train
hf_aptos_01013,data\raw\aptos\train_images\hf_aptos_01013.png,0,aptos_hf,True,train
hf_aptos_01180,data\raw\aptos\train_images\hf_aptos_01180.png,2,aptos_hf,True,train
hf_aptos_01929,data\raw\aptos\train_images\hf_aptos_01929.png,0,aptos_hf,True,train
hf_aptos_00597,data\raw\aptos\train_images\hf_aptos_00597.png,1,aptos_hf,True,train
hf_aptos_03129,data\raw\aptos\train_images\hf_aptos_03129.png,2,aptos_hf,True,train
hf_aptos_02526,data\raw\aptos\train_images\hf_aptos_02526.png,0,aptos_hf,True,train
hf_aptos_00472,data\raw\aptos\train_images\hf_aptos_00472.png,2,aptos_hf,True,train
hf_aptos_00091,data\raw\aptos\train_images\hf_aptos_00091.png,0,aptos_hf,True,train
hf_aptos_00581,data\raw\aptos\train_images\hf_aptos_00581.png,2,aptos_hf,True,train
hf_aptos_01584,data\raw\aptos\train_images\hf_aptos_01584.png,0,aptos_hf,True,train
hf_aptos_01717,data\raw\aptos\train_images\hf_aptos_01717.png,2,aptos_hf,True,train
hf_aptos_02193,data\raw\aptos\train_images\hf_aptos_02193.png,0,aptos_hf,True,train
hf_aptos_01946,data\raw\aptos\train_images\hf_aptos_01946.png,0,aptos_hf,True,train
hf_aptos_02715,data\raw\aptos\train_images\hf_aptos_02715.png,1,aptos_hf,True,train
hf_aptos_02959,data\raw\aptos\train_images\hf_aptos_02959.png,0,aptos_hf,True,train
hf_aptos_01143,data\raw\aptos\train_images\hf_aptos_01143.png,0,aptos_hf,True,train
hf_aptos_00701,data\raw\aptos\train_images\hf_aptos_00701.png,0,aptos_hf,True,train
hf_aptos_00702,data\raw\aptos\train_images\hf_aptos_00702.png,2,aptos_hf,True,train
hf_aptos_02619,data\raw\aptos\train_images\hf_aptos_02619.png,0,aptos_hf,True,train
hf_aptos_00501,data\raw\aptos\train_images\hf_aptos_00501.png,2,aptos_hf,True,train
hf_aptos_01167,data\raw\aptos\train_images\hf_aptos_01167.png,4,aptos_hf,True,train
hf_aptos_02231,data\raw\aptos\train_images\hf_aptos_02231.png,4,aptos_hf,True,train
hf_aptos_00115,data\raw\aptos\train_images\hf_aptos_00115.png,0,aptos_hf,True,train
hf_aptos_00243,data\raw\aptos\train_images\hf_aptos_00243.png,2,aptos_hf,True,train
hf_aptos_03258,data\raw\aptos\train_images\hf_aptos_03258.png,2,aptos_hf,True,train
hf_aptos_02218,data\raw\aptos\train_images\hf_aptos_02218.png,0,aptos_hf,True,train
hf_aptos_03197,data\raw\aptos\train_images\hf_aptos_03197.png,2,aptos_hf,True,train
hf_aptos_03159,data\raw\aptos\train_images\hf_aptos_03159.png,0,aptos_hf,True,train
hf_aptos_03006,data\raw\aptos\train_images\hf_aptos_03006.png,3,aptos_hf,True,train
hf_aptos_01995,data\raw\aptos\train_images\hf_aptos_01995.png,0,aptos_hf,True,train
hf_aptos_01890,data\raw\aptos\train_images\hf_aptos_01890.png,2,aptos_hf,True,train
hf_aptos_01862,data\raw\aptos\train_images\hf_aptos_01862.png,0,aptos_hf,True,train
hf_aptos_01798,data\raw\aptos\train_images\hf_aptos_01798.png,0,aptos_hf,True,train
hf_aptos_00934,data\raw\aptos\train_images\hf_aptos_00934.png,0,aptos_hf,True,train
hf_aptos_00577,data\raw\aptos\train_images\hf_aptos_00577.png,2,aptos_hf,True,train
hf_aptos_01070,data\raw\aptos\train_images\hf_aptos_01070.png,3,aptos_hf,True,train
hf_aptos_01889,data\raw\aptos\train_images\hf_aptos_01889.png,2,aptos_hf,True,train
hf_aptos_01530,data\raw\aptos\train_images\hf_aptos_01530.png,0,aptos_hf,True,train
hf_aptos_02090,data\raw\aptos\train_images\hf_aptos_02090.png,2,aptos_hf,True,train
hf_aptos_00452,data\raw\aptos\train_images\hf_aptos_00452.png,4,aptos_hf,True,train
hf_aptos_01192,data\raw\aptos\train_images\hf_aptos_01192.png,0,aptos_hf,True,train
hf_aptos_01152,data\raw\aptos\train_images\hf_aptos_01152.png,0,aptos_hf,True,train
hf_aptos_02283,data\raw\aptos\train_images\hf_aptos_02283.png,0,aptos_hf,True,train
hf_aptos_01364,data\raw\aptos\train_images\hf_aptos_01364.png,2,aptos_hf,True,train
hf_aptos_00912,data\raw\aptos\train_images\hf_aptos_00912.png,2,aptos_hf,True,train
hf_aptos_00062,data\raw\aptos\train_images\hf_aptos_00062.png,0,aptos_hf,True,train
hf_aptos_03172,data\raw\aptos\train_images\hf_aptos_03172.png,2,aptos_hf,True,train
hf_aptos_01564,data\raw\aptos\train_images\hf_aptos_01564.png,0,aptos_hf,True,train
hf_aptos_02647,data\raw\aptos\train_images\hf_aptos_02647.png,0,aptos_hf,True,train
hf_aptos_01645,data\raw\aptos\train_images\hf_aptos_01645.png,2,aptos_hf,True,train
hf_aptos_01757,data\raw\aptos\train_images\hf_aptos_01757.png,0,aptos_hf,True,train
hf_aptos_00318,data\raw\aptos\train_images\hf_aptos_00318.png,2,aptos_hf,True,train
hf_aptos_00769,data\raw\aptos\train_images\hf_aptos_00769.png,0,aptos_hf,True,train
hf_aptos_01705,data\raw\aptos\train_images\hf_aptos_01705.png,4,aptos_hf,True,train
hf_aptos_03044,data\raw\aptos\train_images\hf_aptos_03044.png,0,aptos_hf,True,train
hf_aptos_00827,data\raw\aptos\train_images\hf_aptos_00827.png,1,aptos_hf,True,train
hf_aptos_02858,data\raw\aptos\train_images\hf_aptos_02858.png,0,aptos_hf,True,train
hf_aptos_00323,data\raw\aptos\train_images\hf_aptos_00323.png,0,aptos_hf,True,train
hf_aptos_03435,data\raw\aptos\train_images\hf_aptos_03435.png,1,aptos_hf,True,train
hf_aptos_01207,data\raw\aptos\train_images\hf_aptos_01207.png,0,aptos_hf,True,train
hf_aptos_01348,data\raw\aptos\train_images\hf_aptos_01348.png,0,aptos_hf,True,train
hf_aptos_00904,data\raw\aptos\train_images\hf_aptos_00904.png,0,aptos_hf,True,train
hf_aptos_03082,data\raw\aptos\train_images\hf_aptos_03082.png,0,aptos_hf,True,train
hf_aptos_02120,data\raw\aptos\train_images\hf_aptos_02120.png,0,aptos_hf,True,train
hf_aptos_00565,data\raw\aptos\train_images\hf_aptos_00565.png,4,aptos_hf,True,train
hf_aptos_01284,data\raw\aptos\train_images\hf_aptos_01284.png,0,aptos_hf,True,train
hf_aptos_00891,data\raw\aptos\train_images\hf_aptos_00891.png,0,aptos_hf,True,train
hf_aptos_01976,data\raw\aptos\train_images\hf_aptos_01976.png,4,aptos_hf,True,train
hf_aptos_00853,data\raw\aptos\train_images\hf_aptos_00853.png,2,aptos_hf,True,train
hf_aptos_02729,data\raw\aptos\train_images\hf_aptos_02729.png,0,aptos_hf,True,train
hf_aptos_03289,data\raw\aptos\train_images\hf_aptos_03289.png,0,aptos_hf,True,train
hf_aptos_01858,data\raw\aptos\train_images\hf_aptos_01858.png,0,aptos_hf,True,train
hf_aptos_00081,data\raw\aptos\train_images\hf_aptos_00081.png,3,aptos_hf,True,train
hf_aptos_02492,data\raw\aptos\train_images\hf_aptos_02492.png,0,aptos_hf,True,train
hf_aptos_01370,data\raw\aptos\train_images\hf_aptos_01370.png,2,aptos_hf,True,train
hf_aptos_00015,data\raw\aptos\train_images\hf_aptos_00015.png,0,aptos_hf,True,train
hf_aptos_03162,data\raw\aptos\train_images\hf_aptos_03162.png,1,aptos_hf,True,train
hf_aptos_03353,data\raw\aptos\train_images\hf_aptos_03353.png,0,aptos_hf,True,train
hf_aptos_00849,data\raw\aptos\train_images\hf_aptos_00849.png,2,aptos_hf,True,train
hf_aptos_01992,data\raw\aptos\train_images\hf_aptos_01992.png,0,aptos_hf,True,train
hf_aptos_01751,data\raw\aptos\train_images\hf_aptos_01751.png,0,aptos_hf,True,train
hf_aptos_01794,data\raw\aptos\train_images\hf_aptos_01794.png,2,aptos_hf,True,train
hf_aptos_00985,data\raw\aptos\train_images\hf_aptos_00985.png,4,aptos_hf,True,train
hf_aptos_02342,data\raw\aptos\train_images\hf_aptos_02342.png,1,aptos_hf,True,train
hf_aptos_01283,data\raw\aptos\train_images\hf_aptos_01283.png,0,aptos_hf,True,train
hf_aptos_03368,data\raw\aptos\train_images\hf_aptos_03368.png,2,aptos_hf,True,train
hf_aptos_03075,data\raw\aptos\train_images\hf_aptos_03075.png,2,aptos_hf,True,train
hf_aptos_03246,data\raw\aptos\train_images\hf_aptos_03246.png,0,aptos_hf,True,train
hf_aptos_02493,data\raw\aptos\train_images\hf_aptos_02493.png,0,aptos_hf,True,train
hf_aptos_02560,data\raw\aptos\train_images\hf_aptos_02560.png,0,aptos_hf,True,train
hf_aptos_01894,data\raw\aptos\train_images\hf_aptos_01894.png,4,aptos_hf,True,train
hf_aptos_02984,data\raw\aptos\train_images\hf_aptos_02984.png,0,aptos_hf,True,train
hf_aptos_00874,data\raw\aptos\train_images\hf_aptos_00874.png,0,aptos_hf,True,train
hf_aptos_02795,data\raw\aptos\train_images\hf_aptos_02795.png,0,aptos_hf,True,train
hf_aptos_00135,data\raw\aptos\train_images\hf_aptos_00135.png,2,aptos_hf,True,train
hf_aptos_03255,data\raw\aptos\train_images\hf_aptos_03255.png,0,aptos_hf,True,train
hf_aptos_02900,data\raw\aptos\train_images\hf_aptos_02900.png,2,aptos_hf,True,train
hf_aptos_02375,data\raw\aptos\train_images\hf_aptos_02375.png,0,aptos_hf,True,train
hf_aptos_00972,data\raw\aptos\train_images\hf_aptos_00972.png,0,aptos_hf,True,train
hf_aptos_01422,data\raw\aptos\train_images\hf_aptos_01422.png,0,aptos_hf,True,train
hf_aptos_00620,data\raw\aptos\train_images\hf_aptos_00620.png,2,aptos_hf,True,train
hf_aptos_01409,data\raw\aptos\train_images\hf_aptos_01409.png,0,aptos_hf,True,train
hf_aptos_00037,data\raw\aptos\train_images\hf_aptos_00037.png,0,aptos_hf,True,train
hf_aptos_02700,data\raw\aptos\train_images\hf_aptos_02700.png,0,aptos_hf,True,train
hf_aptos_02769,data\raw\aptos\train_images\hf_aptos_02769.png,0,aptos_hf,True,train
hf_aptos_01233,data\raw\aptos\train_images\hf_aptos_01233.png,1,aptos_hf,True,train
hf_aptos_02326,data\raw\aptos\train_images\hf_aptos_02326.png,4,aptos_hf,True,train
hf_aptos_01240,data\raw\aptos\train_images\hf_aptos_01240.png,1,aptos_hf,True,train
hf_aptos_02545,data\raw\aptos\train_images\hf_aptos_02545.png,0,aptos_hf,True,train
hf_aptos_02839,data\raw\aptos\train_images\hf_aptos_02839.png,2,aptos_hf,True,train
hf_aptos_03164,data\raw\aptos\train_images\hf_aptos_03164.png,0,aptos_hf,True,train
hf_aptos_00001,data\raw\aptos\train_images\hf_aptos_00001.png,4,aptos_hf,True,train
hf_aptos_00622,data\raw\aptos\train_images\hf_aptos_00622.png,0,aptos_hf,True,train
hf_aptos_00774,data\raw\aptos\train_images\hf_aptos_00774.png,4,aptos_hf,True,train
hf_aptos_02212,data\raw\aptos\train_images\hf_aptos_02212.png,0,aptos_hf,True,train
hf_aptos_00446,data\raw\aptos\train_images\hf_aptos_00446.png,2,aptos_hf,True,train
hf_aptos_01994,data\raw\aptos\train_images\hf_aptos_01994.png,0,aptos_hf,True,train
hf_aptos_00124,data\raw\aptos\train_images\hf_aptos_00124.png,0,aptos_hf,True,train
hf_aptos_01405,data\raw\aptos\train_images\hf_aptos_01405.png,0,aptos_hf,True,train
hf_aptos_01018,data\raw\aptos\train_images\hf_aptos_01018.png,1,aptos_hf,True,train
hf_aptos_00951,data\raw\aptos\train_images\hf_aptos_00951.png,0,aptos_hf,True,train
hf_aptos_00111,data\raw\aptos\train_images\hf_aptos_00111.png,4,aptos_hf,True,train
hf_aptos_02808,data\raw\aptos\train_images\hf_aptos_02808.png,0,aptos_hf,True,train
hf_aptos_02833,data\raw\aptos\train_images\hf_aptos_02833.png,1,aptos_hf,True,train
hf_aptos_01671,data\raw\aptos\train_images\hf_aptos_01671.png,0,aptos_hf,True,train
hf_aptos_02939,data\raw\aptos\train_images\hf_aptos_02939.png,0,aptos_hf,True,train
hf_aptos_00069,data\raw\aptos\train_images\hf_aptos_00069.png,0,aptos_hf,True,train
hf_aptos_00261,data\raw\aptos\train_images\hf_aptos_00261.png,0,aptos_hf,True,train
hf_aptos_01086,data\raw\aptos\train_images\hf_aptos_01086.png,0,aptos_hf,True,train
hf_aptos_01592,data\raw\aptos\train_images\hf_aptos_01592.png,0,aptos_hf,True,train
hf_aptos_00579,data\raw\aptos\train_images\hf_aptos_00579.png,2,aptos_hf,True,train
hf_aptos_02470,data\raw\aptos\train_images\hf_aptos_02470.png,0,aptos_hf,True,train
hf_aptos_02855,data\raw\aptos\train_images\hf_aptos_02855.png,2,aptos_hf,True,train
hf_aptos_00676,data\raw\aptos\train_images\hf_aptos_00676.png,2,aptos_hf,True,train
hf_aptos_02793,data\raw\aptos\train_images\hf_aptos_02793.png,1,aptos_hf,True,train
hf_aptos_02220,data\raw\aptos\train_images\hf_aptos_02220.png,0,aptos_hf,True,train
hf_aptos_00248,data\raw\aptos\train_images\hf_aptos_00248.png,0,aptos_hf,True,train
hf_aptos_01601,data\raw\aptos\train_images\hf_aptos_01601.png,4,aptos_hf,True,train
hf_aptos_00845,data\raw\aptos\train_images\hf_aptos_00845.png,0,aptos_hf,True,train
hf_aptos_01861,data\raw\aptos\train_images\hf_aptos_01861.png,0,aptos_hf,True,train
hf_aptos_00070,data\raw\aptos\train_images\hf_aptos_00070.png,0,aptos_hf,True,train
hf_aptos_02790,data\raw\aptos\train_images\hf_aptos_02790.png,0,aptos_hf,True,train
hf_aptos_01177,data\raw\aptos\train_images\hf_aptos_01177.png,0,aptos_hf,True,train
hf_aptos_01761,data\raw\aptos\train_images\hf_aptos_01761.png,4,aptos_hf,True,train
hf_aptos_00395,data\raw\aptos\train_images\hf_aptos_00395.png,0,aptos_hf,True,train
hf_aptos_03604,data\raw\aptos\train_images\hf_aptos_03604.png,0,aptos_hf,True,train
hf_aptos_00578,data\raw\aptos\train_images\hf_aptos_00578.png,1,aptos_hf,True,train
hf_aptos_01138,data\raw\aptos\train_images\hf_aptos_01138.png,0,aptos_hf,True,train
hf_aptos_03395,data\raw\aptos\train_images\hf_aptos_03395.png,2,aptos_hf,True,train
hf_aptos_01825,data\raw\aptos\train_images\hf_aptos_01825.png,0,aptos_hf,True,train
hf_aptos_03356,data\raw\aptos\train_images\hf_aptos_03356.png,2,aptos_hf,True,train
hf_aptos_00576,data\raw\aptos\train_images\hf_aptos_00576.png,0,aptos_hf,True,train
hf_aptos_01244,data\raw\aptos\train_images\hf_aptos_01244.png,2,aptos_hf,True,train
hf_aptos_01274,data\raw\aptos\train_images\hf_aptos_01274.png,4,aptos_hf,True,train
hf_aptos_01145,data\raw\aptos\train_images\hf_aptos_01145.png,1,aptos_hf,True,train
hf_aptos_01968,data\raw\aptos\train_images\hf_aptos_01968.png,0,aptos_hf,True,train
hf_aptos_00325,data\raw\aptos\train_images\hf_aptos_00325.png,4,aptos_hf,True,train
hf_aptos_03410,data\raw\aptos\train_images\hf_aptos_03410.png,4,aptos_hf,True,train
hf_aptos_00954,data\raw\aptos\train_images\hf_aptos_00954.png,2,aptos_hf,True,train
hf_aptos_01148,data\raw\aptos\train_images\hf_aptos_01148.png,0,aptos_hf,True,train
hf_aptos_00088,data\raw\aptos\train_images\hf_aptos_00088.png,4,aptos_hf,True,train
hf_aptos_00965,data\raw\aptos\train_images\hf_aptos_00965.png,2,aptos_hf,True,train
hf_aptos_01020,data\raw\aptos\train_images\hf_aptos_01020.png,1,aptos_hf,True,train
hf_aptos_03069,data\raw\aptos\train_images\hf_aptos_03069.png,2,aptos_hf,True,train
hf_aptos_03188,data\raw\aptos\train_images\hf_aptos_03188.png,0,aptos_hf,True,train
hf_aptos_02480,data\raw\aptos\train_images\hf_aptos_02480.png,2,aptos_hf,True,train
hf_aptos_03367,data\raw\aptos\train_images\hf_aptos_03367.png,0,aptos_hf,True,train
hf_aptos_01931,data\raw\aptos\train_images\hf_aptos_01931.png,0,aptos_hf,True,train
hf_aptos_02490,data\raw\aptos\train_images\hf_aptos_02490.png,0,aptos_hf,True,train
hf_aptos_02666,data\raw\aptos\train_images\hf_aptos_02666.png,0,aptos_hf,True,train
hf_aptos_02630,data\raw\aptos\train_images\hf_aptos_02630.png,0,aptos_hf,True,train
hf_aptos_03582,data\raw\aptos\train_images\hf_aptos_03582.png,0,aptos_hf,True,train
hf_aptos_01856,data\raw\aptos\train_images\hf_aptos_01856.png,0,aptos_hf,True,train
hf_aptos_03183,data\raw\aptos\train_images\hf_aptos_03183.png,3,aptos_hf,True,train
hf_aptos_01891,data\raw\aptos\train_images\hf_aptos_01891.png,0,aptos_hf,True,train
hf_aptos_00448,data\raw\aptos\train_images\hf_aptos_00448.png,2,aptos_hf,True,train
hf_aptos_02265,data\raw\aptos\train_images\hf_aptos_02265.png,0,aptos_hf,True,train
hf_aptos_02182,data\raw\aptos\train_images\hf_aptos_02182.png,0,aptos_hf,True,train
hf_aptos_00491,data\raw\aptos\train_images\hf_aptos_00491.png,2,aptos_hf,True,train
hf_aptos_01915,data\raw\aptos\train_images\hf_aptos_01915.png,1,aptos_hf,True,train
hf_aptos_02718,data\raw\aptos\train_images\hf_aptos_02718.png,4,aptos_hf,True,train
hf_aptos_01472,data\raw\aptos\train_images\hf_aptos_01472.png,2,aptos_hf,True,train
hf_aptos_02331,data\raw\aptos\train_images\hf_aptos_02331.png,4,aptos_hf,True,train
hf_aptos_02634,data\raw\aptos\train_images\hf_aptos_02634.png,4,aptos_hf,True,train
hf_aptos_02717,data\raw\aptos\train_images\hf_aptos_02717.png,2,aptos_hf,True,train
hf_aptos_01773,data\raw\aptos\train_images\hf_aptos_01773.png,2,aptos_hf,True,train
hf_aptos_02935,data\raw\aptos\train_images\hf_aptos_02935.png,2,aptos_hf,True,train
hf_aptos_02759,data\raw\aptos\train_images\hf_aptos_02759.png,0,aptos_hf,True,train
hf_aptos_03021,data\raw\aptos\train_images\hf_aptos_03021.png,0,aptos_hf,True,train
hf_aptos_03007,data\raw\aptos\train_images\hf_aptos_03007.png,0,aptos_hf,True,train
hf_aptos_00730,data\raw\aptos\train_images\hf_aptos_00730.png,2,aptos_hf,True,train
hf_aptos_01436,data\raw\aptos\train_images\hf_aptos_01436.png,0,aptos_hf,True,train
hf_aptos_01532,data\raw\aptos\train_images\hf_aptos_01532.png,4,aptos_hf,True,train
hf_aptos_01312,data\raw\aptos\train_images\hf_aptos_01312.png,0,aptos_hf,True,train
hf_aptos_00075,data\raw\aptos\train_images\hf_aptos_00075.png,0,aptos_hf,True,train
hf_aptos_00906,data\raw\aptos\train_images\hf_aptos_00906.png,2,aptos_hf,True,train
hf_aptos_01032,data\raw\aptos\train_images\hf_aptos_01032.png,2,aptos_hf,True,train
hf_aptos_00723,data\raw\aptos\train_images\hf_aptos_00723.png,1,aptos_hf,True,train
hf_aptos_00203,data\raw\aptos\train_images\hf_aptos_00203.png,2,aptos_hf,True,train
hf_aptos_01396,data\raw\aptos\train_images\hf_aptos_01396.png,2,aptos_hf,True,train
hf_aptos_00493,data\raw\aptos\train_images\hf_aptos_00493.png,2,aptos_hf,True,train
hf_aptos_01096,data\raw\aptos\train_images\hf_aptos_01096.png,2,aptos_hf,True,train
hf_aptos_02646,data\raw\aptos\train_images\hf_aptos_02646.png,4,aptos_hf,True,train
hf_aptos_00738,data\raw\aptos\train_images\hf_aptos_00738.png,0,aptos_hf,True,train
hf_aptos_01760,data\raw\aptos\train_images\hf_aptos_01760.png,2,aptos_hf,True,train
hf_aptos_01385,data\raw\aptos\train_images\hf_aptos_01385.png,4,aptos_hf,True,train
hf_aptos_02648,data\raw\aptos\train_images\hf_aptos_02648.png,0,aptos_hf,True,train
hf_aptos_03612,data\raw\aptos\train_images\hf_aptos_03612.png,0,aptos_hf,True,train
hf_aptos_01482,data\raw\aptos\train_images\hf_aptos_01482.png,0,aptos_hf,True,train
hf_aptos_01318,data\raw\aptos\train_images\hf_aptos_01318.png,4,aptos_hf,True,train
hf_aptos_01812,data\raw\aptos\train_images\hf_aptos_01812.png,0,aptos_hf,True,train
hf_aptos_01885,data\raw\aptos\train_images\hf_aptos_01885.png,0,aptos_hf,True,train
hf_aptos_02123,data\raw\aptos\train_images\hf_aptos_02123.png,2,aptos_hf,True,train
hf_aptos_03266,data\raw\aptos\train_images\hf_aptos_03266.png,0,aptos_hf,True,train
hf_aptos_01754,data\raw\aptos\train_images\hf_aptos_01754.png,2,aptos_hf,True,train
hf_aptos_02373,data\raw\aptos\train_images\hf_aptos_02373.png,2,aptos_hf,True,train
hf_aptos_02958,data\raw\aptos\train_images\hf_aptos_02958.png,1,aptos_hf,True,train
hf_aptos_00126,data\raw\aptos\train_images\hf_aptos_00126.png,4,aptos_hf,True,train
hf_aptos_00319,data\raw\aptos\train_images\hf_aptos_00319.png,2,aptos_hf,True,train
hf_aptos_02456,data\raw\aptos\train_images\hf_aptos_02456.png,2,aptos_hf,True,train
hf_aptos_01476,data\raw\aptos\train_images\hf_aptos_01476.png,0,aptos_hf,True,train
hf_aptos_00704,data\raw\aptos\train_images\hf_aptos_00704.png,0,aptos_hf,True,train
hf_aptos_00461,data\raw\aptos\train_images\hf_aptos_00461.png,2,aptos_hf,True,train
hf_aptos_00618,data\raw\aptos\train_images\hf_aptos_00618.png,0,aptos_hf,True,train
hf_aptos_03385,data\raw\aptos\train_images\hf_aptos_03385.png,0,aptos_hf,True,train
hf_aptos_02957,data\raw\aptos\train_images\hf_aptos_02957.png,2,aptos_hf,True,train
hf_aptos_01623,data\raw\aptos\train_images\hf_aptos_01623.png,0,aptos_hf,True,train
hf_aptos_02489,data\raw\aptos\train_images\hf_aptos_02489.png,2,aptos_hf,True,train
hf_aptos_00645,data\raw\aptos\train_images\hf_aptos_00645.png,2,aptos_hf,True,train
hf_aptos_02650,data\raw\aptos\train_images\hf_aptos_02650.png,0,aptos_hf,True,train
hf_aptos_00156,data\raw\aptos\train_images\hf_aptos_00156.png,0,aptos_hf,True,train
hf_aptos_03185,data\raw\aptos\train_images\hf_aptos_03185.png,0,aptos_hf,True,train
hf_aptos_01709,data\raw\aptos\train_images\hf_aptos_01709.png,4,aptos_hf,True,train
hf_aptos_02000,data\raw\aptos\train_images\hf_aptos_02000.png,4,aptos_hf,True,train
hf_aptos_01216,data\raw\aptos\train_images\hf_aptos_01216.png,2,aptos_hf,True,train
hf_aptos_01359,data\raw\aptos\train_images\hf_aptos_01359.png,0,aptos_hf,True,train
hf_aptos_00889,data\raw\aptos\train_images\hf_aptos_00889.png,1,aptos_hf,True,train
hf_aptos_03062,data\raw\aptos\train_images\hf_aptos_03062.png,0,aptos_hf,True,train
hf_aptos_01195,data\raw\aptos\train_images\hf_aptos_01195.png,0,aptos_hf,True,train
hf_aptos_03268,data\raw\aptos\train_images\hf_aptos_03268.png,0,aptos_hf,True,train
hf_aptos_02773,data\raw\aptos\train_images\hf_aptos_02773.png,0,aptos_hf,True,train
hf_aptos_01907,data\raw\aptos\train_images\hf_aptos_01907.png,2,aptos_hf,True,train
hf_aptos_01103,data\raw\aptos\train_images\hf_aptos_01103.png,1,aptos_hf,True,train
hf_aptos_00208,data\raw\aptos\train_images\hf_aptos_00208.png,3,aptos_hf,True,train
hf_aptos_03038,data\raw\aptos\train_images\hf_aptos_03038.png,0,aptos_hf,True,train
hf_aptos_02569,data\raw\aptos\train_images\hf_aptos_02569.png,4,aptos_hf,True,train
hf_aptos_01816,data\raw\aptos\train_images\hf_aptos_01816.png,2,aptos_hf,True,train
hf_aptos_01376,data\raw\aptos\train_images\hf_aptos_01376.png,0,aptos_hf,True,train
hf_aptos_02670,data\raw\aptos\train_images\hf_aptos_02670.png,4,aptos_hf,True,train
hf_aptos_01576,data\raw\aptos\train_images\hf_aptos_01576.png,0,aptos_hf,True,train
hf_aptos_01728,data\raw\aptos\train_images\hf_aptos_01728.png,4,aptos_hf,True,train
hf_aptos_00106,data\raw\aptos\train_images\hf_aptos_00106.png,4,aptos_hf,True,train
hf_aptos_00531,data\raw\aptos\train_images\hf_aptos_00531.png,2,aptos_hf,True,train
hf_aptos_01196,data\raw\aptos\train_images\hf_aptos_01196.png,1,aptos_hf,True,train
hf_aptos_00861,data\raw\aptos\train_images\hf_aptos_00861.png,2,aptos_hf,True,train
hf_aptos_03493,data\raw\aptos\train_images\hf_aptos_03493.png,0,aptos_hf,True,train
hf_aptos_02049,data\raw\aptos\train_images\hf_aptos_02049.png,0,aptos_hf,True,train
hf_aptos_00187,data\raw\aptos\train_images\hf_aptos_00187.png,0,aptos_hf,True,train
hf_aptos_00746,data\raw\aptos\train_images\hf_aptos_00746.png,0,aptos_hf,True,train
hf_aptos_01019,data\raw\aptos\train_images\hf_aptos_01019.png,0,aptos_hf,True,train
hf_aptos_02194,data\raw\aptos\train_images\hf_aptos_02194.png,2,aptos_hf,True,train
hf_aptos_02083,data\raw\aptos\train_images\hf_aptos_02083.png,0,aptos_hf,True,train
hf_aptos_01282,data\raw\aptos\train_images\hf_aptos_01282.png,0,aptos_hf,True,train
hf_aptos_01441,data\raw\aptos\train_images\hf_aptos_01441.png,1,aptos_hf,True,train
hf_aptos_00639,data\raw\aptos\train_images\hf_aptos_00639.png,0,aptos_hf,True,train
hf_aptos_01162,data\raw\aptos\train_images\hf_aptos_01162.png,2,aptos_hf,True,train
hf_aptos_01672,data\raw\aptos\train_images\hf_aptos_01672.png,2,aptos_hf,True,train
hf_aptos_01965,data\raw\aptos\train_images\hf_aptos_01965.png,2,aptos_hf,True,train
hf_aptos_00526,data\raw\aptos\train_images\hf_aptos_00526.png,3,aptos_hf,True,train
hf_aptos_03083,data\raw\aptos\train_images\hf_aptos_03083.png,0,aptos_hf,True,train
hf_aptos_03263,data\raw\aptos\train_images\hf_aptos_03263.png,1,aptos_hf,True,train
hf_aptos_01475,data\raw\aptos\train_images\hf_aptos_01475.png,2,aptos_hf,True,train
hf_aptos_02345,data\raw\aptos\train_images\hf_aptos_02345.png,0,aptos_hf,True,train
hf_aptos_02971,data\raw\aptos\train_images\hf_aptos_02971.png,0,aptos_hf,True,train
hf_aptos_00285,data\raw\aptos\train_images\hf_aptos_00285.png,3,aptos_hf,True,train
hf_aptos_00080,data\raw\aptos\train_images\hf_aptos_00080.png,1,aptos_hf,True,train
hf_aptos_02429,data\raw\aptos\train_images\hf_aptos_02429.png,0,aptos_hf,True,train
hf_aptos_01012,data\raw\aptos\train_images\hf_aptos_01012.png,2,aptos_hf,True,train
hf_aptos_02824,data\raw\aptos\train_images\hf_aptos_02824.png,0,aptos_hf,True,train
hf_aptos_00899,data\raw\aptos\train_images\hf_aptos_00899.png,0,aptos_hf,True,train
hf_aptos_00772,data\raw\aptos\train_images\hf_aptos_00772.png,2,aptos_hf,True,train
hf_aptos_00257,data\raw\aptos\train_images\hf_aptos_00257.png,2,aptos_hf,True,train
hf_aptos_02969,data\raw\aptos\train_images\hf_aptos_02969.png,2,aptos_hf,True,train
hf_aptos_01586,data\raw\aptos\train_images\hf_aptos_01586.png,0,aptos_hf,True,train
hf_aptos_00888,data\raw\aptos\train_images\hf_aptos_00888.png,0,aptos_hf,True,train
hf_aptos_00997,data\raw\aptos\train_images\hf_aptos_00997.png,0,aptos_hf,True,train
hf_aptos_03450,data\raw\aptos\train_images\hf_aptos_03450.png,0,aptos_hf,True,train
hf_aptos_02603,data\raw\aptos\train_images\hf_aptos_02603.png,1,aptos_hf,True,train
hf_aptos_02735,data\raw\aptos\train_images\hf_aptos_02735.png,4,aptos_hf,True,train
hf_aptos_01023,data\raw\aptos\train_images\hf_aptos_01023.png,0,aptos_hf,True,train
hf_aptos_01655,data\raw\aptos\train_images\hf_aptos_01655.png,4,aptos_hf,True,train
hf_aptos_00835,data\raw\aptos\train_images\hf_aptos_00835.png,0,aptos_hf,True,train
hf_aptos_00884,data\raw\aptos\train_images\hf_aptos_00884.png,2,aptos_hf,True,train
hf_aptos_02633,data\raw\aptos\train_images\hf_aptos_02633.png,0,aptos_hf,True,train
hf_aptos_01056,data\raw\aptos\train_images\hf_aptos_01056.png,0,aptos_hf,True,train
hf_aptos_03579,data\raw\aptos\train_images\hf_aptos_03579.png,2,aptos_hf,True,train
hf_aptos_02034,data\raw\aptos\train_images\hf_aptos_02034.png,4,aptos_hf,True,train
hf_aptos_03532,data\raw\aptos\train_images\hf_aptos_03532.png,0,aptos_hf,True,train
hf_aptos_01493,data\raw\aptos\train_images\hf_aptos_01493.png,2,aptos_hf,True,train
hf_aptos_01765,data\raw\aptos\train_images\hf_aptos_01765.png,1,aptos_hf,True,train
hf_aptos_01714,data\raw\aptos\train_images\hf_aptos_01714.png,1,aptos_hf,True,train
hf_aptos_03240,data\raw\aptos\train_images\hf_aptos_03240.png,0,aptos_hf,True,train
hf_aptos_00078,data\raw\aptos\train_images\hf_aptos_00078.png,2,aptos_hf,True,train
hf_aptos_02269,data\raw\aptos\train_images\hf_aptos_02269.png,3,aptos_hf,True,train
hf_aptos_02093,data\raw\aptos\train_images\hf_aptos_02093.png,0,aptos_hf,True,train
hf_aptos_01871,data\raw\aptos\train_images\hf_aptos_01871.png,2,aptos_hf,True,train
hf_aptos_01888,data\raw\aptos\train_images\hf_aptos_01888.png,0,aptos_hf,True,train
hf_aptos_02502,data\raw\aptos\train_images\hf_aptos_02502.png,0,aptos_hf,True,train
hf_aptos_02739,data\raw\aptos\train_images\hf_aptos_02739.png,2,aptos_hf,True,train
hf_aptos_00706,data\raw\aptos\train_images\hf_aptos_00706.png,2,aptos_hf,True,train
hf_aptos_00637,data\raw\aptos\train_images\hf_aptos_00637.png,0,aptos_hf,True,train
hf_aptos_03514,data\raw\aptos\train_images\hf_aptos_03514.png,0,aptos_hf,True,train
hf_aptos_03290,data\raw\aptos\train_images\hf_aptos_03290.png,2,aptos_hf,True,train
hf_aptos_00764,data\raw\aptos\train_images\hf_aptos_00764.png,3,aptos_hf,True,train
hf_aptos_02985,data\raw\aptos\train_images\hf_aptos_02985.png,0,aptos_hf,True,train
hf_aptos_03090,data\raw\aptos\train_images\hf_aptos_03090.png,0,aptos_hf,True,train
hf_aptos_03558,data\raw\aptos\train_images\hf_aptos_03558.png,0,aptos_hf,True,train
hf_aptos_00495,data\raw\aptos\train_images\hf_aptos_00495.png,2,aptos_hf,True,train
hf_aptos_03584,data\raw\aptos\train_images\hf_aptos_03584.png,2,aptos_hf,True,train
hf_aptos_01322,data\raw\aptos\train_images\hf_aptos_01322.png,0,aptos_hf,True,train
hf_aptos_03128,data\raw\aptos\train_images\hf_aptos_03128.png,2,aptos_hf,True,train
hf_aptos_03125,data\raw\aptos\train_images\hf_aptos_03125.png,2,aptos_hf,True,train
hf_aptos_03293,data\raw\aptos\train_images\hf_aptos_03293.png,0,aptos_hf,True,train
hf_aptos_01516,data\raw\aptos\train_images\hf_aptos_01516.png,1,aptos_hf,True,train
hf_aptos_00765,data\raw\aptos\train_images\hf_aptos_00765.png,0,aptos_hf,True,train
hf_aptos_03578,data\raw\aptos\train_images\hf_aptos_03578.png,0,aptos_hf,True,train
hf_aptos_02057,data\raw\aptos\train_images\hf_aptos_02057.png,2,aptos_hf,True,train
hf_aptos_00337,data\raw\aptos\train_images\hf_aptos_00337.png,2,aptos_hf,True,train
hf_aptos_02013,data\raw\aptos\train_images\hf_aptos_02013.png,0,aptos_hf,True,train
hf_aptos_02947,data\raw\aptos\train_images\hf_aptos_02947.png,0,aptos_hf,True,train
hf_aptos_01574,data\raw\aptos\train_images\hf_aptos_01574.png,0,aptos_hf,True,train
hf_aptos_02503,data\raw\aptos\train_images\hf_aptos_02503.png,0,aptos_hf,True,train
hf_aptos_00563,data\raw\aptos\train_images\hf_aptos_00563.png,0,aptos_hf,True,train
hf_aptos_02884,data\raw\aptos\train_images\hf_aptos_02884.png,0,aptos_hf,True,train
hf_aptos_03372,data\raw\aptos\train_images\hf_aptos_03372.png,1,aptos_hf,True,train
hf_aptos_03569,data\raw\aptos\train_images\hf_aptos_03569.png,0,aptos_hf,True,train
hf_aptos_02576,data\raw\aptos\train_images\hf_aptos_02576.png,2,aptos_hf,True,train
hf_aptos_03646,data\raw\aptos\train_images\hf_aptos_03646.png,2,aptos_hf,True,train
hf_aptos_01008,data\raw\aptos\train_images\hf_aptos_01008.png,0,aptos_hf,True,train
hf_aptos_01982,data\raw\aptos\train_images\hf_aptos_01982.png,0,aptos_hf,True,train
hf_aptos_03544,data\raw\aptos\train_images\hf_aptos_03544.png,0,aptos_hf,True,train
hf_aptos_01625,data\raw\aptos\train_images\hf_aptos_01625.png,0,aptos_hf,True,train
hf_aptos_02696,data\raw\aptos\train_images\hf_aptos_02696.png,4,aptos_hf,True,train
hf_aptos_00582,data\raw\aptos\train_images\hf_aptos_00582.png,0,aptos_hf,True,train
hf_aptos_00584,data\raw\aptos\train_images\hf_aptos_00584.png,0,aptos_hf,True,train
hf_aptos_02614,data\raw\aptos\train_images\hf_aptos_02614.png,0,aptos_hf,True,train
hf_aptos_00464,data\raw\aptos\train_images\hf_aptos_00464.png,2,aptos_hf,True,train
hf_aptos_00594,data\raw\aptos\train_images\hf_aptos_00594.png,0,aptos_hf,True,train
hf_aptos_03036,data\raw\aptos\train_images\hf_aptos_03036.png,0,aptos_hf,True,train
hf_aptos_03489,data\raw\aptos\train_images\hf_aptos_03489.png,0,aptos_hf,True,train
hf_aptos_03358,data\raw\aptos\train_images\hf_aptos_03358.png,0,aptos_hf,True,train
hf_aptos_00743,data\raw\aptos\train_images\hf_aptos_00743.png,0,aptos_hf,True,train
hf_aptos_01696,data\raw\aptos\train_images\hf_aptos_01696.png,0,aptos_hf,True,train
hf_aptos_03590,data\raw\aptos\train_images\hf_aptos_03590.png,0,aptos_hf,True,train
hf_aptos_01600,data\raw\aptos\train_images\hf_aptos_01600.png,0,aptos_hf,True,train
hf_aptos_01085,data\raw\aptos\train_images\hf_aptos_01085.png,0,aptos_hf,True,train
hf_aptos_03323,data\raw\aptos\train_images\hf_aptos_03323.png,0,aptos_hf,True,train
hf_aptos_01827,data\raw\aptos\train_images\hf_aptos_01827.png,3,aptos_hf,True,train
hf_aptos_02141,data\raw\aptos\train_images\hf_aptos_02141.png,0,aptos_hf,True,train
hf_aptos_02818,data\raw\aptos\train_images\hf_aptos_02818.png,0,aptos_hf,True,train
hf_aptos_03650,data\raw\aptos\train_images\hf_aptos_03650.png,0,aptos_hf,True,train
hf_aptos_00322,data\raw\aptos\train_images\hf_aptos_00322.png,0,aptos_hf,True,train
hf_aptos_00443,data\raw\aptos\train_images\hf_aptos_00443.png,0,aptos_hf,True,train
hf_aptos_01137,data\raw\aptos\train_images\hf_aptos_01137.png,0,aptos_hf,True,train
hf_aptos_00897,data\raw\aptos\train_images\hf_aptos_00897.png,0,aptos_hf,True,train
hf_aptos_02613,data\raw\aptos\train_images\hf_aptos_02613.png,3,aptos_hf,True,train
hf_aptos_01326,data\raw\aptos\train_images\hf_aptos_01326.png,0,aptos_hf,True,train
hf_aptos_02511,data\raw\aptos\train_images\hf_aptos_02511.png,0,aptos_hf,True,train
hf_aptos_01777,data\raw\aptos\train_images\hf_aptos_01777.png,2,aptos_hf,True,train
hf_aptos_01758,data\raw\aptos\train_images\hf_aptos_01758.png,2,aptos_hf,True,train
hf_aptos_02708,data\raw\aptos\train_images\hf_aptos_02708.png,1,aptos_hf,True,train
hf_aptos_00359,data\raw\aptos\train_images\hf_aptos_00359.png,2,aptos_hf,True,train
hf_aptos_01834,data\raw\aptos\train_images\hf_aptos_01834.png,2,aptos_hf,True,train
hf_aptos_02051,data\raw\aptos\train_images\hf_aptos_02051.png,2,aptos_hf,True,train
hf_aptos_00672,data\raw\aptos\train_images\hf_aptos_00672.png,0,aptos_hf,True,train
hf_aptos_01611,data\raw\aptos\train_images\hf_aptos_01611.png,1,aptos_hf,True,train
hf_aptos_01621,data\raw\aptos\train_images\hf_aptos_01621.png,0,aptos_hf,True,train
hf_aptos_01739,data\raw\aptos\train_images\hf_aptos_01739.png,0,aptos_hf,True,train
hf_aptos_03378,data\raw\aptos\train_images\hf_aptos_03378.png,0,aptos_hf,True,train
hf_aptos_03324,data\raw\aptos\train_images\hf_aptos_03324.png,0,aptos_hf,True,train
hf_aptos_02578,data\raw\aptos\train_images\hf_aptos_02578.png,2,aptos_hf,True,train
hf_aptos_01776,data\raw\aptos\train_images\hf_aptos_01776.png,4,aptos_hf,True,train
hf_aptos_02640,data\raw\aptos\train_images\hf_aptos_02640.png,0,aptos_hf,True,train
hf_aptos_03516,data\raw\aptos\train_images\hf_aptos_03516.png,0,aptos_hf,True,train
hf_aptos_00922,data\raw\aptos\train_images\hf_aptos_00922.png,2,aptos_hf,True,train
hf_aptos_03251,data\raw\aptos\train_images\hf_aptos_03251.png,2,aptos_hf,True,train
hf_aptos_03243,data\raw\aptos\train_images\hf_aptos_03243.png,3,aptos_hf,True,train
hf_aptos_00089,data\raw\aptos\train_images\hf_aptos_00089.png,2,aptos_hf,True,train
hf_aptos_02032,data\raw\aptos\train_images\hf_aptos_02032.png,0,aptos_hf,True,train
hf_aptos_00162,data\raw\aptos\train_images\hf_aptos_00162.png,2,aptos_hf,True,train
hf_aptos_01525,data\raw\aptos\train_images\hf_aptos_01525.png,2,aptos_hf,True,train
hf_aptos_01552,data\raw\aptos\train_images\hf_aptos_01552.png,0,aptos_hf,True,train
hf_aptos_00771,data\raw\aptos\train_images\hf_aptos_00771.png,4,aptos_hf,True,train
hf_aptos_02485,data\raw\aptos\train_images\hf_aptos_02485.png,2,aptos_hf,True,train
hf_aptos_03552,data\raw\aptos\train_images\hf_aptos_03552.png,4,aptos_hf,True,train
hf_aptos_02396,data\raw\aptos\train_images\hf_aptos_02396.png,0,aptos_hf,True,train
hf_aptos_00391,data\raw\aptos\train_images\hf_aptos_00391.png,3,aptos_hf,True,train
hf_aptos_02966,data\raw\aptos\train_images\hf_aptos_02966.png,4,aptos_hf,True,train
hf_aptos_01539,data\raw\aptos\train_images\hf_aptos_01539.png,0,aptos_hf,True,train
hf_aptos_03194,data\raw\aptos\train_images\hf_aptos_03194.png,0,aptos_hf,True,train
hf_aptos_02285,data\raw\aptos\train_images\hf_aptos_02285.png,0,aptos_hf,True,train
hf_aptos_00415,data\raw\aptos\train_images\hf_aptos_00415.png,0,aptos_hf,True,train
hf_aptos_03130,data\raw\aptos\train_images\hf_aptos_03130.png,2,aptos_hf,True,train
hf_aptos_02023,data\raw\aptos\train_images\hf_aptos_02023.png,0,aptos_hf,True,train
hf_aptos_00688,data\raw\aptos\train_images\hf_aptos_00688.png,2,aptos_hf,True,train
hf_aptos_02849,data\raw\aptos\train_images\hf_aptos_02849.png,3,aptos_hf,True,train
hf_aptos_02203,data\raw\aptos\train_images\hf_aptos_02203.png,0,aptos_hf,True,train
hf_aptos_03388,data\raw\aptos\train_images\hf_aptos_03388.png,2,aptos_hf,True,train
hf_aptos_01340,data\raw\aptos\train_images\hf_aptos_01340.png,2,aptos_hf,True,train
hf_aptos_01922,data\raw\aptos\train_images\hf_aptos_01922.png,0,aptos_hf,True,train
hf_aptos_00129,data\raw\aptos\train_images\hf_aptos_00129.png,1,aptos_hf,True,train
hf_aptos_00137,data\raw\aptos\train_images\hf_aptos_00137.png,0,aptos_hf,True,train
hf_aptos_00142,data\raw\aptos\train_images\hf_aptos_00142.png,0,aptos_hf,True,train
hf_aptos_00372,data\raw\aptos\train_images\hf_aptos_00372.png,3,aptos_hf,True,train
hf_aptos_02683,data\raw\aptos\train_images\hf_aptos_02683.png,4,aptos_hf,True,train
hf_aptos_03572,data\raw\aptos\train_images\hf_aptos_03572.png,3,aptos_hf,True,train
hf_aptos_02918,data\raw\aptos\train_images\hf_aptos_02918.png,1,aptos_hf,True,train
hf_aptos_03453,data\raw\aptos\train_images\hf_aptos_03453.png,4,aptos_hf,True,train
hf_aptos_02314,data\raw\aptos\train_images\hf_aptos_02314.png,0,aptos_hf,True,train
hf_aptos_02415,data\raw\aptos\train_images\hf_aptos_02415.png,0,aptos_hf,True,train
hf_aptos_01560,data\raw\aptos\train_images\hf_aptos_01560.png,0,aptos_hf,True,train
hf_aptos_01393,data\raw\aptos\train_images\hf_aptos_01393.png,2,aptos_hf,True,train
hf_aptos_02938,data\raw\aptos\train_images\hf_aptos_02938.png,4,aptos_hf,True,train
hf_aptos_01254,data\raw\aptos\train_images\hf_aptos_01254.png,1,aptos_hf,True,train
hf_aptos_00978,data\raw\aptos\train_images\hf_aptos_00978.png,1,aptos_hf,True,train
hf_aptos_01001,data\raw\aptos\train_images\hf_aptos_01001.png,2,aptos_hf,True,train
hf_aptos_00748,data\raw\aptos\train_images\hf_aptos_00748.png,0,aptos_hf,True,train
hf_aptos_01253,data\raw\aptos\train_images\hf_aptos_01253.png,1,aptos_hf,True,train
hf_aptos_03527,data\raw\aptos\train_images\hf_aptos_03527.png,2,aptos_hf,True,train
hf_aptos_00542,data\raw\aptos\train_images\hf_aptos_00542.png,2,aptos_hf,True,train
hf_aptos_02112,data\raw\aptos\train_images\hf_aptos_02112.png,1,aptos_hf,True,train
hf_aptos_02280,data\raw\aptos\train_images\hf_aptos_02280.png,2,aptos_hf,True,train
hf_aptos_01583,data\raw\aptos\train_images\hf_aptos_01583.png,2,aptos_hf,True,train
hf_aptos_01360,data\raw\aptos\train_images\hf_aptos_01360.png,0,aptos_hf,True,train
hf_aptos_01953,data\raw\aptos\train_images\hf_aptos_01953.png,2,aptos_hf,True,train
hf_aptos_03500,data\raw\aptos\train_images\hf_aptos_03500.png,0,aptos_hf,True,train
hf_aptos_01169,data\raw\aptos\train_images\hf_aptos_01169.png,0,aptos_hf,True,train
hf_aptos_02241,data\raw\aptos\train_images\hf_aptos_02241.png,2,aptos_hf,True,train
hf_aptos_02099,data\raw\aptos\train_images\hf_aptos_02099.png,0,aptos_hf,True,train
hf_aptos_02022,data\raw\aptos\train_images\hf_aptos_02022.png,2,aptos_hf,True,train
hf_aptos_01335,data\raw\aptos\train_images\hf_aptos_01335.png,0,aptos_hf,True,train
hf_aptos_03616,data\raw\aptos\train_images\hf_aptos_03616.png,0,aptos_hf,True,train
hf_aptos_01369,data\raw\aptos\train_images\hf_aptos_01369.png,0,aptos_hf,True,train
hf_aptos_02707,data\raw\aptos\train_images\hf_aptos_02707.png,0,aptos_hf,True,train
hf_aptos_03267,data\raw\aptos\train_images\hf_aptos_03267.png,0,aptos_hf,True,train
hf_aptos_00560,data\raw\aptos\train_images\hf_aptos_00560.png,2,aptos_hf,True,train
hf_aptos_02868,data\raw\aptos\train_images\hf_aptos_02868.png,0,aptos_hf,True,train
hf_aptos_02160,data\raw\aptos\train_images\hf_aptos_02160.png,2,aptos_hf,True,train
hf_aptos_00915,data\raw\aptos\train_images\hf_aptos_00915.png,0,aptos_hf,True,train
hf_aptos_00027,data\raw\aptos\train_images\hf_aptos_00027.png,0,aptos_hf,True,train
hf_aptos_01710,data\raw\aptos\train_images\hf_aptos_01710.png,0,aptos_hf,True,train
hf_aptos_03072,data\raw\aptos\train_images\hf_aptos_03072.png,0,aptos_hf,True,train
hf_aptos_01959,data\raw\aptos\train_images\hf_aptos_01959.png,2,aptos_hf,True,train
hf_aptos_02358,data\raw\aptos\train_images\hf_aptos_02358.png,3,aptos_hf,True,train
hf_aptos_02494,data\raw\aptos\train_images\hf_aptos_02494.png,0,aptos_hf,True,train
hf_aptos_03002,data\raw\aptos\train_images\hf_aptos_03002.png,2,aptos_hf,True,train
hf_aptos_00121,data\raw\aptos\train_images\hf_aptos_00121.png,0,aptos_hf,True,train
hf_aptos_00157,data\raw\aptos\train_images\hf_aptos_00157.png,0,aptos_hf,True,train
hf_aptos_02303,data\raw\aptos\train_images\hf_aptos_02303.png,0,aptos_hf,True,train
hf_aptos_03192,data\raw\aptos\train_images\hf_aptos_03192.png,2,aptos_hf,True,train
hf_aptos_02766,data\raw\aptos\train_images\hf_aptos_02766.png,0,aptos_hf,True,train
hf_aptos_01246,data\raw\aptos\train_images\hf_aptos_01246.png,0,aptos_hf,True,train
hf_aptos_00615,data\raw\aptos\train_images\hf_aptos_00615.png,0,aptos_hf,True,train
hf_aptos_01748,data\raw\aptos\train_images\hf_aptos_01748.png,2,aptos_hf,True,train
hf_aptos_03588,data\raw\aptos\train_images\hf_aptos_03588.png,0,aptos_hf,True,train
hf_aptos_00481,data\raw\aptos\train_images\hf_aptos_00481.png,1,aptos_hf,True,train
hf_aptos_02540,data\raw\aptos\train_images\hf_aptos_02540.png,2,aptos_hf,True,train
hf_aptos_02217,data\raw\aptos\train_images\hf_aptos_02217.png,3,aptos_hf,True,train
hf_aptos_00024,data\raw\aptos\train_images\hf_aptos_00024.png,0,aptos_hf,True,train
hf_aptos_01668,data\raw\aptos\train_images\hf_aptos_01668.png,3,aptos_hf,True,train
hf_aptos_02741,data\raw\aptos\train_images\hf_aptos_02741.png,0,aptos_hf,True,train
hf_aptos_01615,data\raw\aptos\train_images\hf_aptos_01615.png,1,aptos_hf,True,train
hf_aptos_03599,data\raw\aptos\train_images\hf_aptos_03599.png,1,aptos_hf,True,train
hf_aptos_01354,data\raw\aptos\train_images\hf_aptos_01354.png,0,aptos_hf,True,train
hf_aptos_03283,data\raw\aptos\train_images\hf_aptos_03283.png,4,aptos_hf,True,train
hf_aptos_02856,data\raw\aptos\train_images\hf_aptos_02856.png,0,aptos_hf,True,train
hf_aptos_02687,data\raw\aptos\train_images\hf_aptos_02687.png,0,aptos_hf,True,train
hf_aptos_00928,data\raw\aptos\train_images\hf_aptos_00928.png,0,aptos_hf,True,train
hf_aptos_02804,data\raw\aptos\train_images\hf_aptos_02804.png,0,aptos_hf,True,train
hf_aptos_00551,data\raw\aptos\train_images\hf_aptos_00551.png,2,aptos_hf,True,train
hf_aptos_03011,data\raw\aptos\train_images\hf_aptos_03011.png,2,aptos_hf,True,train
hf_aptos_00661,data\raw\aptos\train_images\hf_aptos_00661.png,1,aptos_hf,True,train
hf_aptos_00963,data\raw\aptos\train_images\hf_aptos_00963.png,2,aptos_hf,True,train
hf_aptos_00792,data\raw\aptos\train_images\hf_aptos_00792.png,1,aptos_hf,True,train
hf_aptos_00568,data\raw\aptos\train_images\hf_aptos_00568.png,0,aptos_hf,True,train
hf_aptos_00148,data\raw\aptos\train_images\hf_aptos_00148.png,0,aptos_hf,True,train
hf_aptos_02214,data\raw\aptos\train_images\hf_aptos_02214.png,2,aptos_hf,True,train
hf_aptos_00023,data\raw\aptos\train_images\hf_aptos_00023.png,2,aptos_hf,True,train
hf_aptos_00811,data\raw\aptos\train_images\hf_aptos_00811.png,0,aptos_hf,True,train
hf_aptos_00020,data\raw\aptos\train_images\hf_aptos_00020.png,2,aptos_hf,True,train
hf_aptos_02418,data\raw\aptos\train_images\hf_aptos_02418.png,0,aptos_hf,True,train
hf_aptos_01489,data\raw\aptos\train_images\hf_aptos_01489.png,0,aptos_hf,True,train
hf_aptos_00580,data\raw\aptos\train_images\hf_aptos_00580.png,0,aptos_hf,True,train
hf_aptos_02068,data\raw\aptos\train_images\hf_aptos_02068.png,3,aptos_hf,True,train
hf_aptos_02501,data\raw\aptos\train_images\hf_aptos_02501.png,2,aptos_hf,True,train
hf_aptos_01551,data\raw\aptos\train_images\hf_aptos_01551.png,3,aptos_hf,True,train
hf_aptos_02582,data\raw\aptos\train_images\hf_aptos_02582.png,3,aptos_hf,True,train
hf_aptos_02842,data\raw\aptos\train_images\hf_aptos_02842.png,1,aptos_hf,True,train
hf_aptos_00761,data\raw\aptos\train_images\hf_aptos_00761.png,0,aptos_hf,True,train
hf_aptos_03182,data\raw\aptos\train_images\hf_aptos_03182.png,0,aptos_hf,True,train
hf_aptos_02302,data\raw\aptos\train_images\hf_aptos_02302.png,2,aptos_hf,True,train
hf_aptos_01694,data\raw\aptos\train_images\hf_aptos_01694.png,0,aptos_hf,True,train
hf_aptos_01230,data\raw\aptos\train_images\hf_aptos_01230.png,2,aptos_hf,True,train
hf_aptos_01260,data\raw\aptos\train_images\hf_aptos_01260.png,0,aptos_hf,True,train
hf_aptos_01329,data\raw\aptos\train_images\hf_aptos_01329.png,0,aptos_hf,True,train
hf_aptos_03120,data\raw\aptos\train_images\hf_aptos_03120.png,2,aptos_hf,True,train
hf_aptos_03648,data\raw\aptos\train_images\hf_aptos_03648.png,2,aptos_hf,True,train
hf_aptos_02188,data\raw\aptos\train_images\hf_aptos_02188.png,1,aptos_hf,True,train
hf_aptos_01451,data\raw\aptos\train_images\hf_aptos_01451.png,2,aptos_hf,True,train
hf_aptos_03581,data\raw\aptos\train_images\hf_aptos_03581.png,0,aptos_hf,True,train
hf_aptos_02716,data\raw\aptos\train_images\hf_aptos_02716.png,4,aptos_hf,True,train
hf_aptos_00924,data\raw\aptos\train_images\hf_aptos_00924.png,0,aptos_hf,True,train
hf_aptos_00188,data\raw\aptos\train_images\hf_aptos_00188.png,1,aptos_hf,True,train
hf_aptos_00414,data\raw\aptos\train_images\hf_aptos_00414.png,2,aptos_hf,True,train
hf_aptos_00546,data\raw\aptos\train_images\hf_aptos_00546.png,0,aptos_hf,True,train
hf_aptos_01153,data\raw\aptos\train_images\hf_aptos_01153.png,0,aptos_hf,True,train
hf_aptos_02399,data\raw\aptos\train_images\hf_aptos_02399.png,0,aptos_hf,True,train
hf_aptos_03341,data\raw\aptos\train_images\hf_aptos_03341.png,4,aptos_hf,True,train
hf_aptos_01565,data\raw\aptos\train_images\hf_aptos_01565.png,0,aptos_hf,True,train
hf_aptos_02305,data\raw\aptos\train_images\hf_aptos_02305.png,0,aptos_hf,True,train
hf_aptos_01389,data\raw\aptos\train_images\hf_aptos_01389.png,0,aptos_hf,True,train
hf_aptos_02521,data\raw\aptos\train_images\hf_aptos_02521.png,3,aptos_hf,True,train
hf_aptos_02434,data\raw\aptos\train_images\hf_aptos_02434.png,0,aptos_hf,True,train
hf_aptos_01258,data\raw\aptos\train_images\hf_aptos_01258.png,2,aptos_hf,True,train
hf_aptos_00819,data\raw\aptos\train_images\hf_aptos_00819.png,0,aptos_hf,True,train
hf_aptos_01687,data\raw\aptos\train_images\hf_aptos_01687.png,3,aptos_hf,True,train
hf_aptos_01191,data\raw\aptos\train_images\hf_aptos_01191.png,2,aptos_hf,True,train
hf_aptos_00353,data\raw\aptos\train_images\hf_aptos_00353.png,4,aptos_hf,True,train
hf_aptos_00515,data\raw\aptos\train_images\hf_aptos_00515.png,0,aptos_hf,True,train
hf_aptos_00313,data\raw\aptos\train_images\hf_aptos_00313.png,0,aptos_hf,True,train
hf_aptos_00863,data\raw\aptos\train_images\hf_aptos_00863.png,0,aptos_hf,True,train
hf_aptos_00438,data\raw\aptos\train_images\hf_aptos_00438.png,4,aptos_hf,True,train
hf_aptos_00603,data\raw\aptos\train_images\hf_aptos_00603.png,0,aptos_hf,True,train
hf_aptos_01457,data\raw\aptos\train_images\hf_aptos_01457.png,4,aptos_hf,True,train
hf_aptos_02156,data\raw\aptos\train_images\hf_aptos_02156.png,0,aptos_hf,True,train
hf_aptos_00554,data\raw\aptos\train_images\hf_aptos_00554.png,1,aptos_hf,True,train
hf_aptos_00787,data\raw\aptos\train_images\hf_aptos_00787.png,0,aptos_hf,True,train
hf_aptos_02861,data\raw\aptos\train_images\hf_aptos_02861.png,3,aptos_hf,True,train
hf_aptos_03469,data\raw\aptos\train_images\hf_aptos_03469.png,0,aptos_hf,True,train
hf_aptos_02031,data\raw\aptos\train_images\hf_aptos_02031.png,2,aptos_hf,True,train
hf_aptos_02838,data\raw\aptos\train_images\hf_aptos_02838.png,0,aptos_hf,True,train
hf_aptos_00105,data\raw\aptos\train_images\hf_aptos_00105.png,4,aptos_hf,True,train
hf_aptos_00054,data\raw\aptos\train_images\hf_aptos_00054.png,2,aptos_hf,True,train
hf_aptos_01948,data\raw\aptos\train_images\hf_aptos_01948.png,0,aptos_hf,True,train
hf_aptos_03303,data\raw\aptos\train_images\hf_aptos_03303.png,2,aptos_hf,True,train
hf_aptos_02317,data\raw\aptos\train_images\hf_aptos_02317.png,0,aptos_hf,True,train
hf_aptos_01835,data\raw\aptos\train_images\hf_aptos_01835.png,0,aptos_hf,True,train
hf_aptos_01252,data\raw\aptos\train_images\hf_aptos_01252.png,2,aptos_hf,True,train
hf_aptos_01083,data\raw\aptos\train_images\hf_aptos_01083.png,0,aptos_hf,True,train
hf_aptos_01079,data\raw\aptos\train_images\hf_aptos_01079.png,0,aptos_hf,True,train
hf_aptos_02802,data\raw\aptos\train_images\hf_aptos_02802.png,1,aptos_hf,True,train
hf_aptos_02532,data\raw\aptos\train_images\hf_aptos_02532.png,3,aptos_hf,True,train
hf_aptos_02070,data\raw\aptos\train_images\hf_aptos_02070.png,0,aptos_hf,True,train
hf_aptos_00038,data\raw\aptos\train_images\hf_aptos_00038.png,4,aptos_hf,True,train
hf_aptos_01363,data\raw\aptos\train_images\hf_aptos_01363.png,0,aptos_hf,True,train
hf_aptos_02937,data\raw\aptos\train_images\hf_aptos_02937.png,2,aptos_hf,True,train
hf_aptos_01341,data\raw\aptos\train_images\hf_aptos_01341.png,0,aptos_hf,True,train
hf_aptos_00040,data\raw\aptos\train_images\hf_aptos_00040.png,4,aptos_hf,True,train
hf_aptos_03486,data\raw\aptos\train_images\hf_aptos_03486.png,0,aptos_hf,True,train
hf_aptos_00499,data\raw\aptos\train_images\hf_aptos_00499.png,3,aptos_hf,True,train
hf_aptos_03031,data\raw\aptos\train_images\hf_aptos_03031.png,4,aptos_hf,True,train
hf_aptos_03563,data\raw\aptos\train_images\hf_aptos_03563.png,2,aptos_hf,True,train
hf_aptos_02993,data\raw\aptos\train_images\hf_aptos_02993.png,0,aptos_hf,True,train
hf_aptos_03503,data\raw\aptos\train_images\hf_aptos_03503.png,0,aptos_hf,True,train
hf_aptos_00979,data\raw\aptos\train_images\hf_aptos_00979.png,2,aptos_hf,True,train
hf_aptos_03076,data\raw\aptos\train_images\hf_aptos_03076.png,4,aptos_hf,True,train
hf_aptos_00710,data\raw\aptos\train_images\hf_aptos_00710.png,0,aptos_hf,True,train
hf_aptos_03320,data\raw\aptos\train_images\hf_aptos_03320.png,2,aptos_hf,True,train
hf_aptos_02419,data\raw\aptos\train_images\hf_aptos_02419.png,0,aptos_hf,True,train
hf_aptos_03539,data\raw\aptos\train_images\hf_aptos_03539.png,0,aptos_hf,True,train
hf_aptos_01155,data\raw\aptos\train_images\hf_aptos_01155.png,2,aptos_hf,True,train
hf_aptos_03294,data\raw\aptos\train_images\hf_aptos_03294.png,0,aptos_hf,True,train
hf_aptos_03452,data\raw\aptos\train_images\hf_aptos_03452.png,0,aptos_hf,True,train
hf_aptos_01644,data\raw\aptos\train_images\hf_aptos_01644.png,0,aptos_hf,True,train
hf_aptos_00755,data\raw\aptos\train_images\hf_aptos_00755.png,0,aptos_hf,True,train
hf_aptos_00329,data\raw\aptos\train_images\hf_aptos_00329.png,0,aptos_hf,True,train
hf_aptos_01781,data\raw\aptos\train_images\hf_aptos_01781.png,2,aptos_hf,True,train
hf_aptos_02042,data\raw\aptos\train_images\hf_aptos_02042.png,0,aptos_hf,True,train
hf_aptos_00380,data\raw\aptos\train_images\hf_aptos_00380.png,2,aptos_hf,True,train
hf_aptos_00768,data\raw\aptos\train_images\hf_aptos_00768.png,0,aptos_hf,True,train
hf_aptos_00445,data\raw\aptos\train_images\hf_aptos_00445.png,0,aptos_hf,True,train
hf_aptos_02008,data\raw\aptos\train_images\hf_aptos_02008.png,0,aptos_hf,True,train
hf_aptos_02361,data\raw\aptos\train_images\hf_aptos_02361.png,0,aptos_hf,True,train
hf_aptos_02745,data\raw\aptos\train_images\hf_aptos_02745.png,0,aptos_hf,True,train
hf_aptos_02649,data\raw\aptos\train_images\hf_aptos_02649.png,0,aptos_hf,True,train
hf_aptos_00747,data\raw\aptos\train_images\hf_aptos_00747.png,1,aptos_hf,True,train
hf_aptos_01610,data\raw\aptos\train_images\hf_aptos_01610.png,3,aptos_hf,True,train
hf_aptos_02094,data\raw\aptos\train_images\hf_aptos_02094.png,2,aptos_hf,True,train
hf_aptos_00150,data\raw\aptos\train_images\hf_aptos_00150.png,0,aptos_hf,True,train
hf_aptos_02275,data\raw\aptos\train_images\hf_aptos_02275.png,0,aptos_hf,True,train
hf_aptos_01182,data\raw\aptos\train_images\hf_aptos_01182.png,2,aptos_hf,True,train
hf_aptos_01302,data\raw\aptos\train_images\hf_aptos_01302.png,2,aptos_hf,True,train
hf_aptos_02914,data\raw\aptos\train_images\hf_aptos_02914.png,2,aptos_hf,True,train
hf_aptos_01102,data\raw\aptos\train_images\hf_aptos_01102.png,0,aptos_hf,True,train
hf_aptos_01418,data\raw\aptos\train_images\hf_aptos_01418.png,1,aptos_hf,True,train
hf_aptos_01275,data\raw\aptos\train_images\hf_aptos_01275.png,0,aptos_hf,True,train
hf_aptos_03047,data\raw\aptos\train_images\hf_aptos_03047.png,0,aptos_hf,True,train
hf_aptos_03389,data\raw\aptos\train_images\hf_aptos_03389.png,0,aptos_hf,True,train
hf_aptos_00783,data\raw\aptos\train_images\hf_aptos_00783.png,3,aptos_hf,True,train
hf_aptos_03189,data\raw\aptos\train_images\hf_aptos_03189.png,0,aptos_hf,True,train
hf_aptos_02644,data\raw\aptos\train_images\hf_aptos_02644.png,2,aptos_hf,True,train
hf_aptos_01612,data\raw\aptos\train_images\hf_aptos_01612.png,0,aptos_hf,True,train
hf_aptos_00026,data\raw\aptos\train_images\hf_aptos_00026.png,0,aptos_hf,True,train
hf_aptos_02770,data\raw\aptos\train_images\hf_aptos_02770.png,2,aptos_hf,True,train
hf_aptos_02227,data\raw\aptos\train_images\hf_aptos_02227.png,2,aptos_hf,True,train
hf_aptos_03513,data\raw\aptos\train_images\hf_aptos_03513.png,2,aptos_hf,True,train
hf_aptos_03637,data\raw\aptos\train_images\hf_aptos_03637.png,0,aptos_hf,True,train
hf_aptos_02923,data\raw\aptos\train_images\hf_aptos_02923.png,0,aptos_hf,True,train
hf_aptos_02030,data\raw\aptos\train_images\hf_aptos_02030.png,0,aptos_hf,True,train
hf_aptos_01900,data\raw\aptos\train_images\hf_aptos_01900.png,0,aptos_hf,True,train
hf_aptos_01190,data\raw\aptos\train_images\hf_aptos_01190.png,2,aptos_hf,True,train
hf_aptos_01465,data\raw\aptos\train_images\hf_aptos_01465.png,0,aptos_hf,True,train
hf_aptos_02738,data\raw\aptos\train_images\hf_aptos_02738.png,0,aptos_hf,True,train
hf_aptos_02304,data\raw\aptos\train_images\hf_aptos_02304.png,4,aptos_hf,True,train
hf_aptos_01868,data\raw\aptos\train_images\hf_aptos_01868.png,0,aptos_hf,True,train
hf_aptos_01132,data\raw\aptos\train_images\hf_aptos_01132.png,1,aptos_hf,True,train
hf_aptos_00382,data\raw\aptos\train_images\hf_aptos_00382.png,1,aptos_hf,True,train
hf_aptos_02196,data\raw\aptos\train_images\hf_aptos_02196.png,2,aptos_hf,True,train
hf_aptos_02574,data\raw\aptos\train_images\hf_aptos_02574.png,1,aptos_hf,True,train
hf_aptos_02860,data\raw\aptos\train_images\hf_aptos_02860.png,0,aptos_hf,True,train
hf_aptos_03199,data\raw\aptos\train_images\hf_aptos_03199.png,0,aptos_hf,True,train
hf_aptos_00548,data\raw\aptos\train_images\hf_aptos_00548.png,2,aptos_hf,True,train
hf_aptos_00917,data\raw\aptos\train_images\hf_aptos_00917.png,3,aptos_hf,True,train
hf_aptos_00307,data\raw\aptos\train_images\hf_aptos_00307.png,1,aptos_hf,True,train
hf_aptos_01337,data\raw\aptos\train_images\hf_aptos_01337.png,2,aptos_hf,True,train
hf_aptos_02850,data\raw\aptos\train_images\hf_aptos_02850.png,2,aptos_hf,True,train
hf_aptos_00670,data\raw\aptos\train_images\hf_aptos_00670.png,2,aptos_hf,True,train
hf_aptos_03142,data\raw\aptos\train_images\hf_aptos_03142.png,0,aptos_hf,True,train
hf_aptos_01286,data\raw\aptos\train_images\hf_aptos_01286.png,0,aptos_hf,True,train
hf_aptos_02810,data\raw\aptos\train_images\hf_aptos_02810.png,0,aptos_hf,True,train
hf_aptos_01066,data\raw\aptos\train_images\hf_aptos_01066.png,2,aptos_hf,True,train
hf_aptos_03152,data\raw\aptos\train_images\hf_aptos_03152.png,0,aptos_hf,True,train
hf_aptos_03607,data\raw\aptos\train_images\hf_aptos_03607.png,2,aptos_hf,True,train
hf_aptos_01951,data\raw\aptos\train_images\hf_aptos_01951.png,0,aptos_hf,True,train
hf_aptos_02412,data\raw\aptos\train_images\hf_aptos_02412.png,2,aptos_hf,True,train
hf_aptos_02451,data\raw\aptos\train_images\hf_aptos_02451.png,4,aptos_hf,True,train
hf_aptos_01401,data\raw\aptos\train_images\hf_aptos_01401.png,4,aptos_hf,True,train
hf_aptos_00051,data\raw\aptos\train_images\hf_aptos_00051.png,2,aptos_hf,True,train
hf_aptos_01040,data\raw\aptos\train_images\hf_aptos_01040.png,0,aptos_hf,True,train
hf_aptos_02635,data\raw\aptos\train_images\hf_aptos_02635.png,0,aptos_hf,True,train
hf_aptos_00958,data\raw\aptos\train_images\hf_aptos_00958.png,0,aptos_hf,True,train
hf_aptos_00195,data\raw\aptos\train_images\hf_aptos_00195.png,2,aptos_hf,True,train
hf_aptos_03148,data\raw\aptos\train_images\hf_aptos_03148.png,2,aptos_hf,True,train
hf_aptos_01104,data\raw\aptos\train_images\hf_aptos_01104.png,3,aptos_hf,True,train
hf_aptos_00283,data\raw\aptos\train_images\hf_aptos_00283.png,2,aptos_hf,True,train
hf_aptos_00850,data\raw\aptos\train_images\hf_aptos_00850.png,0,aptos_hf,True,train
hf_aptos_02417,data\raw\aptos\train_images\hf_aptos_02417.png,0,aptos_hf,True,train
hf_aptos_02301,data\raw\aptos\train_images\hf_aptos_02301.png,2,aptos_hf,True,train
hf_aptos_02988,data\raw\aptos\train_images\hf_aptos_02988.png,0,aptos_hf,True,train
hf_aptos_00793,data\raw\aptos\train_images\hf_aptos_00793.png,0,aptos_hf,True,train
hf_aptos_02926,data\raw\aptos\train_images\hf_aptos_02926.png,0,aptos_hf,True,train
hf_aptos_01265,data\raw\aptos\train_images\hf_aptos_01265.png,1,aptos_hf,True,train
hf_aptos_00605,data\raw\aptos\train_images\hf_aptos_00605.png,2,aptos_hf,True,train
hf_aptos_01011,data\raw\aptos\train_images\hf_aptos_01011.png,2,aptos_hf,True,train
hf_aptos_03457,data\raw\aptos\train_images\hf_aptos_03457.png,0,aptos_hf,True,train
hf_aptos_02055,data\raw\aptos\train_images\hf_aptos_02055.png,4,aptos_hf,True,train
hf_aptos_02027,data\raw\aptos\train_images\hf_aptos_02027.png,0,aptos_hf,True,train
hf_aptos_01799,data\raw\aptos\train_images\hf_aptos_01799.png,1,aptos_hf,True,train
hf_aptos_03656,data\raw\aptos\train_images\hf_aptos_03656.png,4,aptos_hf,True,train
hf_aptos_02038,data\raw\aptos\train_images\hf_aptos_02038.png,0,aptos_hf,True,train
hf_aptos_01865,data\raw\aptos\train_images\hf_aptos_01865.png,2,aptos_hf,True,train
hf_aptos_03277,data\raw\aptos\train_images\hf_aptos_03277.png,4,aptos_hf,True,train
hf_aptos_02554,data\raw\aptos\train_images\hf_aptos_02554.png,0,aptos_hf,True,train
hf_aptos_02339,data\raw\aptos\train_images\hf_aptos_02339.png,1,aptos_hf,True,train
hf_aptos_01478,data\raw\aptos\train_images\hf_aptos_01478.png,1,aptos_hf,True,train
hf_aptos_02272,data\raw\aptos\train_images\hf_aptos_02272.png,2,aptos_hf,True,train
hf_aptos_01107,data\raw\aptos\train_images\hf_aptos_01107.png,0,aptos_hf,True,train
hf_aptos_02645,data\raw\aptos\train_images\hf_aptos_02645.png,0,aptos_hf,True,train
hf_aptos_02980,data\raw\aptos\train_images\hf_aptos_02980.png,2,aptos_hf,True,train
hf_aptos_01737,data\raw\aptos\train_images\hf_aptos_01737.png,0,aptos_hf,True,train
hf_aptos_03212,data\raw\aptos\train_images\hf_aptos_03212.png,0,aptos_hf,True,train
hf_aptos_02726,data\raw\aptos\train_images\hf_aptos_02726.png,2,aptos_hf,True,train
hf_aptos_02730,data\raw\aptos\train_images\hf_aptos_02730.png,1,aptos_hf,True,train
hf_aptos_01028,data\raw\aptos\train_images\hf_aptos_01028.png,2,aptos_hf,True,train
hf_aptos_00117,data\raw\aptos\train_images\hf_aptos_00117.png,0,aptos_hf,True,train
hf_aptos_02589,data\raw\aptos\train_images\hf_aptos_02589.png,2,aptos_hf,True,train
hf_aptos_00018,data\raw\aptos\train_images\hf_aptos_00018.png,0,aptos_hf,True,train
hf_aptos_03140,data\raw\aptos\train_images\hf_aptos_03140.png,0,aptos_hf,True,train
hf_aptos_02324,data\raw\aptos\train_images\hf_aptos_02324.png,0,aptos_hf,True,train
hf_aptos_00362,data\raw\aptos\train_images\hf_aptos_00362.png,3,aptos_hf,True,train
hf_aptos_01015,data\raw\aptos\train_images\hf_aptos_01015.png,1,aptos_hf,True,train
hf_aptos_00439,data\raw\aptos\train_images\hf_aptos_00439.png,2,aptos_hf,True,train
hf_aptos_02883,data\raw\aptos\train_images\hf_aptos_02883.png,2,aptos_hf,True,train
hf_aptos_02583,data\raw\aptos\train_images\hf_aptos_02583.png,0,aptos_hf,True,train
hf_aptos_01918,data\raw\aptos\train_images\hf_aptos_01918.png,2,aptos_hf,True,train
hf_aptos_03451,data\raw\aptos\train_images\hf_aptos_03451.png,2,aptos_hf,True,train
hf_aptos_02870,data\raw\aptos\train_images\hf_aptos_02870.png,0,aptos_hf,True,train
hf_aptos_03013,data\raw\aptos\train_images\hf_aptos_03013.png,4,aptos_hf,True,train
hf_aptos_01305,data\raw\aptos\train_images\hf_aptos_01305.png,0,aptos_hf,True,train
hf_aptos_02852,data\raw\aptos\train_images\hf_aptos_02852.png,3,aptos_hf,True,train
hf_aptos_02887,data\raw\aptos\train_images\hf_aptos_02887.png,2,aptos_hf,True,train
hf_aptos_01656,data\raw\aptos\train_images\hf_aptos_01656.png,2,aptos_hf,True,train
hf_aptos_01463,data\raw\aptos\train_images\hf_aptos_01463.png,1,aptos_hf,True,train
hf_aptos_00172,data\raw\aptos\train_images\hf_aptos_00172.png,0,aptos_hf,True,train
hf_aptos_03613,data\raw\aptos\train_images\hf_aptos_03613.png,0,aptos_hf,True,train
hf_aptos_00782,data\raw\aptos\train_images\hf_aptos_00782.png,0,aptos_hf,True,train
hf_aptos_00654,data\raw\aptos\train_images\hf_aptos_00654.png,0,aptos_hf,True,train
hf_aptos_00176,data\raw\aptos\train_images\hf_aptos_00176.png,0,aptos_hf,True,train
hf_aptos_00258,data\raw\aptos\train_images\hf_aptos_00258.png,1,aptos_hf,True,train
hf_aptos_00913,data\raw\aptos\train_images\hf_aptos_00913.png,2,aptos_hf,True,train
hf_aptos_00279,data\raw\aptos\train_images\hf_aptos_00279.png,2,aptos_hf,True,train
hf_aptos_02077,data\raw\aptos\train_images\hf_aptos_02077.png,3,aptos_hf,True,train
hf_aptos_00295,data\raw\aptos\train_images\hf_aptos_00295.png,0,aptos_hf,True,train
hf_aptos_03614,data\raw\aptos\train_images\hf_aptos_03614.png,0,aptos_hf,True,train
hf_aptos_02071,data\raw\aptos\train_images\hf_aptos_02071.png,3,aptos_hf,True,train
hf_aptos_01823,data\raw\aptos\train_images\hf_aptos_01823.png,3,aptos_hf,True,train
hf_aptos_01026,data\raw\aptos\train_images\hf_aptos_01026.png,2,aptos_hf,True,train
hf_aptos_00077,data\raw\aptos\train_images\hf_aptos_00077.png,0,aptos_hf,True,train
hf_aptos_00642,data\raw\aptos\train_images\hf_aptos_00642.png,2,aptos_hf,True,train
hf_aptos_03032,data\raw\aptos\train_images\hf_aptos_03032.png,2,aptos_hf,True,train
hf_aptos_00720,data\raw\aptos\train_images\hf_aptos_00720.png,0,aptos_hf,True,train
hf_aptos_03340,data\raw\aptos\train_images\hf_aptos_03340.png,0,aptos_hf,True,train
hf_aptos_01459,data\raw\aptos\train_images\hf_aptos_01459.png,2,aptos_hf,True,train
hf_aptos_00113,data\raw\aptos\train_images\hf_aptos_00113.png,0,aptos_hf,True,train
hf_aptos_02108,data\raw\aptos\train_images\hf_aptos_02108.png,0,aptos_hf,True,train
hf_aptos_03625,data\raw\aptos\train_images\hf_aptos_03625.png,1,aptos_hf,True,train
hf_aptos_02322,data\raw\aptos\train_images\hf_aptos_02322.png,2,aptos_hf,True,train
hf_aptos_02684,data\raw\aptos\train_images\hf_aptos_02684.png,2,aptos_hf,True,train
hf_aptos_00851,data\raw\aptos\train_images\hf_aptos_00851.png,0,aptos_hf,True,train
hf_aptos_00191,data\raw\aptos\train_images\hf_aptos_00191.png,0,aptos_hf,True,train
hf_aptos_03231,data\raw\aptos\train_images\hf_aptos_03231.png,2,aptos_hf,True,train
hf_aptos_01480,data\raw\aptos\train_images\hf_aptos_01480.png,2,aptos_hf,True,train
hf_aptos_01128,data\raw\aptos\train_images\hf_aptos_01128.png,0,aptos_hf,True,train
hf_aptos_01660,data\raw\aptos\train_images\hf_aptos_01660.png,0,aptos_hf,True,train
hf_aptos_02370,data\raw\aptos\train_images\hf_aptos_02370.png,0,aptos_hf,True,train
hf_aptos_01784,data\raw\aptos\train_images\hf_aptos_01784.png,4,aptos_hf,True,train
hf_aptos_02240,data\raw\aptos\train_images\hf_aptos_02240.png,2,aptos_hf,True,train
hf_aptos_01875,data\raw\aptos\train_images\hf_aptos_01875.png,0,aptos_hf,True,train
hf_aptos_02251,data\raw\aptos\train_images\hf_aptos_02251.png,0,aptos_hf,True,train
hf_aptos_03536,data\raw\aptos\train_images\hf_aptos_03536.png,0,aptos_hf,True,train
hf_aptos_02675,data\raw\aptos\train_images\hf_aptos_02675.png,1,aptos_hf,True,train
hf_aptos_03391,data\raw\aptos\train_images\hf_aptos_03391.png,0,aptos_hf,True,train
hf_aptos_01594,data\raw\aptos\train_images\hf_aptos_01594.png,4,aptos_hf,True,train
hf_aptos_02897,data\raw\aptos\train_images\hf_aptos_02897.png,0,aptos_hf,True,train
hf_aptos_01811,data\raw\aptos\train_images\hf_aptos_01811.png,0,aptos_hf,True,train
hf_aptos_02760,data\raw\aptos\train_images\hf_aptos_02760.png,0,aptos_hf,True,train
hf_aptos_00873,data\raw\aptos\train_images\hf_aptos_00873.png,2,aptos_hf,True,train
hf_aptos_02677,data\raw\aptos\train_images\hf_aptos_02677.png,2,aptos_hf,True,train
hf_aptos_00895,data\raw\aptos\train_images\hf_aptos_00895.png,4,aptos_hf,True,train
hf_aptos_02048,data\raw\aptos\train_images\hf_aptos_02048.png,0,aptos_hf,True,train
hf_aptos_00058,data\raw\aptos\train_images\hf_aptos_00058.png,2,aptos_hf,True,train
hf_aptos_00365,data\raw\aptos\train_images\hf_aptos_00365.png,0,aptos_hf,True,train
hf_aptos_00314,data\raw\aptos\train_images\hf_aptos_00314.png,0,aptos_hf,True,train
hf_aptos_02507,data\raw\aptos\train_images\hf_aptos_02507.png,0,aptos_hf,True,train
hf_aptos_01639,data\raw\aptos\train_images\hf_aptos_01639.png,0,aptos_hf,True,train
hf_aptos_00379,data\raw\aptos\train_images\hf_aptos_00379.png,1,aptos_hf,True,train
hf_aptos_00471,data\raw\aptos\train_images\hf_aptos_00471.png,0,aptos_hf,True,train
hf_aptos_02712,data\raw\aptos\train_images\hf_aptos_02712.png,1,aptos_hf,True,train
hf_aptos_01954,data\raw\aptos\train_images\hf_aptos_01954.png,2,aptos_hf,True,train
hf_aptos_00946,data\raw\aptos\train_images\hf_aptos_00946.png,0,aptos_hf,True,train
hf_aptos_00932,data\raw\aptos\train_images\hf_aptos_00932.png,2,aptos_hf,True,train
hf_aptos_00927,data\raw\aptos\train_images\hf_aptos_00927.png,0,aptos_hf,True,train
hf_aptos_00813,data\raw\aptos\train_images\hf_aptos_00813.png,2,aptos_hf,True,train
hf_aptos_01797,data\raw\aptos\train_images\hf_aptos_01797.png,0,aptos_hf,True,train
hf_aptos_01669,data\raw\aptos\train_images\hf_aptos_01669.png,0,aptos_hf,True,train
hf_aptos_02679,data\raw\aptos\train_images\hf_aptos_02679.png,0,aptos_hf,True,train
hf_aptos_02915,data\raw\aptos\train_images\hf_aptos_02915.png,2,aptos_hf,True,train
hf_aptos_01990,data\raw\aptos\train_images\hf_aptos_01990.png,1,aptos_hf,True,train
hf_aptos_02016,data\raw\aptos\train_images\hf_aptos_02016.png,2,aptos_hf,True,train
hf_aptos_01373,data\raw\aptos\train_images\hf_aptos_01373.png,3,aptos_hf,True,train
hf_aptos_02012,data\raw\aptos\train_images\hf_aptos_02012.png,4,aptos_hf,True,train
hf_aptos_00866,data\raw\aptos\train_images\hf_aptos_00866.png,1,aptos_hf,True,train
hf_aptos_00789,data\raw\aptos\train_images\hf_aptos_00789.png,0,aptos_hf,True,train
hf_aptos_01034,data\raw\aptos\train_images\hf_aptos_01034.png,0,aptos_hf,True,train
hf_aptos_02748,data\raw\aptos\train_images\hf_aptos_02748.png,0,aptos_hf,True,train
hf_aptos_03151,data\raw\aptos\train_images\hf_aptos_03151.png,2,aptos_hf,True,train
hf_aptos_03029,data\raw\aptos\train_images\hf_aptos_03029.png,0,aptos_hf,True,train
hf_aptos_01972,data\raw\aptos\train_images\hf_aptos_01972.png,0,aptos_hf,True,train
hf_aptos_02408,data\raw\aptos\train_images\hf_aptos_02408.png,0,aptos_hf,True,train
hf_aptos_02697,data\raw\aptos\train_images\hf_aptos_02697.png,0,aptos_hf,True,train
hf_aptos_03629,data\raw\aptos\train_images\hf_aptos_03629.png,0,aptos_hf,True,train
hf_aptos_00959,data\raw\aptos\train_images\hf_aptos_00959.png,0,aptos_hf,True,train
hf_aptos_03586,data\raw\aptos\train_images\hf_aptos_03586.png,0,aptos_hf,True,train
hf_aptos_01881,data\raw\aptos\train_images\hf_aptos_01881.png,1,aptos_hf,True,train
hf_aptos_01219,data\raw\aptos\train_images\hf_aptos_01219.png,0,aptos_hf,True,train
hf_aptos_00227,data\raw\aptos\train_images\hf_aptos_00227.png,2,aptos_hf,True,train
hf_aptos_00930,data\raw\aptos\train_images\hf_aptos_00930.png,2,aptos_hf,True,train
hf_aptos_01213,data\raw\aptos\train_images\hf_aptos_01213.png,1,aptos_hf,True,train
hf_aptos_01740,data\raw\aptos\train_images\hf_aptos_01740.png,1,aptos_hf,True,train
hf_aptos_03364,data\raw\aptos\train_images\hf_aptos_03364.png,0,aptos_hf,True,train
hf_aptos_02271,data\raw\aptos\train_images\hf_aptos_02271.png,1,aptos_hf,True,train
hf_aptos_00547,data\raw\aptos\train_images\hf_aptos_00547.png,0,aptos_hf,True,train
hf_aptos_03464,data\raw\aptos\train_images\hf_aptos_03464.png,2,aptos_hf,True,train
hf_aptos_03086,data\raw\aptos\train_images\hf_aptos_03086.png,1,aptos_hf,True,val
hf_aptos_03017,data\raw\aptos\train_images\hf_aptos_03017.png,0,aptos_hf,True,val
hf_aptos_00759,data\raw\aptos\train_images\hf_aptos_00759.png,2,aptos_hf,True,val
hf_aptos_00826,data\raw\aptos\train_images\hf_aptos_00826.png,0,aptos_hf,True,val
hf_aptos_01487,data\raw\aptos\train_images\hf_aptos_01487.png,0,aptos_hf,True,val
hf_aptos_00056,data\raw\aptos\train_images\hf_aptos_00056.png,3,aptos_hf,True,val
hf_aptos_00697,data\raw\aptos\train_images\hf_aptos_00697.png,2,aptos_hf,True,val
hf_aptos_01257,data\raw\aptos\train_images\hf_aptos_01257.png,0,aptos_hf,True,val
hf_aptos_00773,data\raw\aptos\train_images\hf_aptos_00773.png,4,aptos_hf,True,val
hf_aptos_01082,data\raw\aptos\train_images\hf_aptos_01082.png,0,aptos_hf,True,val
hf_aptos_00633,data\raw\aptos\train_images\hf_aptos_00633.png,2,aptos_hf,True,val
hf_aptos_00992,data\raw\aptos\train_images\hf_aptos_00992.png,0,aptos_hf,True,val
hf_aptos_00679,data\raw\aptos\train_images\hf_aptos_00679.png,1,aptos_hf,True,val
hf_aptos_01007,data\raw\aptos\train_images\hf_aptos_01007.png,0,aptos_hf,True,val
hf_aptos_00646,data\raw\aptos\train_images\hf_aptos_00646.png,1,aptos_hf,True,val
hf_aptos_03591,data\raw\aptos\train_images\hf_aptos_03591.png,2,aptos_hf,True,val
hf_aptos_01321,data\raw\aptos\train_images\hf_aptos_01321.png,0,aptos_hf,True,val
hf_aptos_02555,data\raw\aptos\train_images\hf_aptos_02555.png,2,aptos_hf,True,val
hf_aptos_02035,data\raw\aptos\train_images\hf_aptos_02035.png,1,aptos_hf,True,val
hf_aptos_00795,data\raw\aptos\train_images\hf_aptos_00795.png,2,aptos_hf,True,val
hf_aptos_01325,data\raw\aptos\train_images\hf_aptos_01325.png,0,aptos_hf,True,val
hf_aptos_02811,data\raw\aptos\train_images\hf_aptos_02811.png,2,aptos_hf,True,val
hf_aptos_01397,data\raw\aptos\train_images\hf_aptos_01397.png,0,aptos_hf,True,val
hf_aptos_02967,data\raw\aptos\train_images\hf_aptos_02967.png,0,aptos_hf,True,val
hf_aptos_03424,data\raw\aptos\train_images\hf_aptos_03424.png,2,aptos_hf,True,val
hf_aptos_02657,data\raw\aptos\train_images\hf_aptos_02657.png,0,aptos_hf,True,val
hf_aptos_01271,data\raw\aptos\train_images\hf_aptos_01271.png,0,aptos_hf,True,val
hf_aptos_01054,data\raw\aptos\train_images\hf_aptos_01054.png,2,aptos_hf,True,val
hf_aptos_01719,data\raw\aptos\train_images\hf_aptos_01719.png,2,aptos_hf,True,val
hf_aptos_00312,data\raw\aptos\train_images\hf_aptos_00312.png,0,aptos_hf,True,val
hf_aptos_03370,data\raw\aptos\train_images\hf_aptos_03370.png,1,aptos_hf,True,val
hf_aptos_02138,data\raw\aptos\train_images\hf_aptos_02138.png,0,aptos_hf,True,val
hf_aptos_03101,data\raw\aptos\train_images\hf_aptos_03101.png,0,aptos_hf,True,val
hf_aptos_01985,data\raw\aptos\train_images\hf_aptos_01985.png,0,aptos_hf,True,val
hf_aptos_02664,data\raw\aptos\train_images\hf_aptos_02664.png,0,aptos_hf,True,val
hf_aptos_01555,data\raw\aptos\train_images\hf_aptos_01555.png,2,aptos_hf,True,val
hf_aptos_00311,data\raw\aptos\train_images\hf_aptos_00311.png,0,aptos_hf,True,val
hf_aptos_03439,data\raw\aptos\train_images\hf_aptos_03439.png,0,aptos_hf,True,val
hf_aptos_00222,data\raw\aptos\train_images\hf_aptos_00222.png,0,aptos_hf,True,val
hf_aptos_03153,data\raw\aptos\train_images\hf_aptos_03153.png,0,aptos_hf,True,val
hf_aptos_02293,data\raw\aptos\train_images\hf_aptos_02293.png,4,aptos_hf,True,val
hf_aptos_01467,data\raw\aptos\train_images\hf_aptos_01467.png,4,aptos_hf,True,val
hf_aptos_02990,data\raw\aptos\train_images\hf_aptos_02990.png,0,aptos_hf,True,val
hf_aptos_03131,data\raw\aptos\train_images\hf_aptos_03131.png,0,aptos_hf,True,val
hf_aptos_03275,data\raw\aptos\train_images\hf_aptos_03275.png,2,aptos_hf,True,val
hf_aptos_03642,data\raw\aptos\train_images\hf_aptos_03642.png,1,aptos_hf,True,val
hf_aptos_03602,data\raw\aptos\train_images\hf_aptos_03602.png,0,aptos_hf,True,val
hf_aptos_01607,data\raw\aptos\train_images\hf_aptos_01607.png,2,aptos_hf,True,val
hf_aptos_03495,data\raw\aptos\train_images\hf_aptos_03495.png,2,aptos_hf,True,val
hf_aptos_03363,data\raw\aptos\train_images\hf_aptos_03363.png,1,aptos_hf,True,val
hf_aptos_01627,data\raw\aptos\train_images\hf_aptos_01627.png,4,aptos_hf,True,val
hf_aptos_01021,data\raw\aptos\train_images\hf_aptos_01021.png,0,aptos_hf,True,val
hf_aptos_02950,data\raw\aptos\train_images\hf_aptos_02950.png,0,aptos_hf,True,val
hf_aptos_00092,data\raw\aptos\train_images\hf_aptos_00092.png,0,aptos_hf,True,val
hf_aptos_03529,data\raw\aptos\train_images\hf_aptos_03529.png,4,aptos_hf,True,val
hf_aptos_00624,data\raw\aptos\train_images\hf_aptos_00624.png,3,aptos_hf,True,val
hf_aptos_03205,data\raw\aptos\train_images\hf_aptos_03205.png,4,aptos_hf,True,val
hf_aptos_02115,data\raw\aptos\train_images\hf_aptos_02115.png,2,aptos_hf,True,val
hf_aptos_00650,data\raw\aptos\train_images\hf_aptos_00650.png,0,aptos_hf,True,val
hf_aptos_03601,data\raw\aptos\train_images\hf_aptos_03601.png,0,aptos_hf,True,val
hf_aptos_00044,data\raw\aptos\train_images\hf_aptos_00044.png,2,aptos_hf,True,val
hf_aptos_02362,data\raw\aptos\train_images\hf_aptos_02362.png,0,aptos_hf,True,val
hf_aptos_03384,data\raw\aptos\train_images\hf_aptos_03384.png,0,aptos_hf,True,val
hf_aptos_01261,data\raw\aptos\train_images\hf_aptos_01261.png,2,aptos_hf,True,val
hf_aptos_02909,data\raw\aptos\train_images\hf_aptos_02909.png,1,aptos_hf,True,val
hf_aptos_01211,data\raw\aptos\train_images\hf_aptos_01211.png,0,aptos_hf,True,val
hf_aptos_03639,data\raw\aptos\train_images\hf_aptos_03639.png,1,aptos_hf,True,val
hf_aptos_03574,data\raw\aptos\train_images\hf_aptos_03574.png,3,aptos_hf,True,val
hf_aptos_02378,data\raw\aptos\train_images\hf_aptos_02378.png,0,aptos_hf,True,val
hf_aptos_01208,data\raw\aptos\train_images\hf_aptos_01208.png,1,aptos_hf,True,val
hf_aptos_00571,data\raw\aptos\train_images\hf_aptos_00571.png,0,aptos_hf,True,val
hf_aptos_03365,data\raw\aptos\train_images\hf_aptos_03365.png,4,aptos_hf,True,val
hf_aptos_00525,data\raw\aptos\train_images\hf_aptos_00525.png,0,aptos_hf,True,val
hf_aptos_03106,data\raw\aptos\train_images\hf_aptos_03106.png,2,aptos_hf,True,val
hf_aptos_03042,data\raw\aptos\train_images\hf_aptos_03042.png,3,aptos_hf,True,val
hf_aptos_00483,data\raw\aptos\train_images\hf_aptos_00483.png,0,aptos_hf,True,val
hf_aptos_02473,data\raw\aptos\train_images\hf_aptos_02473.png,0,aptos_hf,True,val
hf_aptos_00434,data\raw\aptos\train_images\hf_aptos_00434.png,0,aptos_hf,True,val
hf_aptos_02039,data\raw\aptos\train_images\hf_aptos_02039.png,2,aptos_hf,True,val
hf_aptos_03387,data\raw\aptos\train_images\hf_aptos_03387.png,4,aptos_hf,True,val
hf_aptos_02616,data\raw\aptos\train_images\hf_aptos_02616.png,0,aptos_hf,True,val
hf_aptos_01707,data\raw\aptos\train_images\hf_aptos_01707.png,3,aptos_hf,True,val
hf_aptos_02568,data\raw\aptos\train_images\hf_aptos_02568.png,3,aptos_hf,True,val
hf_aptos_00397,data\raw\aptos\train_images\hf_aptos_00397.png,0,aptos_hf,True,val
hf_aptos_03015,data\raw\aptos\train_images\hf_aptos_03015.png,0,aptos_hf,True,val
hf_aptos_00875,data\raw\aptos\train_images\hf_aptos_00875.png,0,aptos_hf,True,val
hf_aptos_00825,data\raw\aptos\train_images\hf_aptos_00825.png,2,aptos_hf,True,val
hf_aptos_03241,data\raw\aptos\train_images\hf_aptos_03241.png,2,aptos_hf,True,val
hf_aptos_02004,data\raw\aptos\train_images\hf_aptos_02004.png,2,aptos_hf,True,val
hf_aptos_00160,data\raw\aptos\train_images\hf_aptos_00160.png,0,aptos_hf,True,val
hf_aptos_01235,data\raw\aptos\train_images\hf_aptos_01235.png,0,aptos_hf,True,val
hf_aptos_01988,data\raw\aptos\train_images\hf_aptos_01988.png,4,aptos_hf,True,val
hf_aptos_02146,data\raw\aptos\train_images\hf_aptos_02146.png,0,aptos_hf,True,val
hf_aptos_02134,data\raw\aptos\train_images\hf_aptos_02134.png,0,aptos_hf,True,val
hf_aptos_03617,data\raw\aptos\train_images\hf_aptos_03617.png,2,aptos_hf,True,val
hf_aptos_00731,data\raw\aptos\train_images\hf_aptos_00731.png,0,aptos_hf,True,val
hf_aptos_00214,data\raw\aptos\train_images\hf_aptos_00214.png,2,aptos_hf,True,val
hf_aptos_01063,data\raw\aptos\train_images\hf_aptos_01063.png,0,aptos_hf,True,val
hf_aptos_02549,data\raw\aptos\train_images\hf_aptos_02549.png,0,aptos_hf,True,val
hf_aptos_02263,data\raw\aptos\train_images\hf_aptos_02263.png,2,aptos_hf,True,val
hf_aptos_00669,data\raw\aptos\train_images\hf_aptos_00669.png,2,aptos_hf,True,val
hf_aptos_01561,data\raw\aptos\train_images\hf_aptos_01561.png,4,aptos_hf,True,val
hf_aptos_02213,data\raw\aptos\train_images\hf_aptos_02213.png,0,aptos_hf,True,val
hf_aptos_03061,data\raw\aptos\train_images\hf_aptos_03061.png,1,aptos_hf,True,val
hf_aptos_02895,data\raw\aptos\train_images\hf_aptos_02895.png,0,aptos_hf,True,val
hf_aptos_02653,data\raw\aptos\train_images\hf_aptos_02653.png,0,aptos_hf,True,val
hf_aptos_02841,data\raw\aptos\train_images\hf_aptos_02841.png,2,aptos_hf,True,val
hf_aptos_02177,data\raw\aptos\train_images\hf_aptos_02177.png,0,aptos_hf,True,val
hf_aptos_01288,data\raw\aptos\train_images\hf_aptos_01288.png,0,aptos_hf,True,val
hf_aptos_00427,data\raw\aptos\train_images\hf_aptos_00427.png,2,aptos_hf,True,val
hf_aptos_03564,data\raw\aptos\train_images\hf_aptos_03564.png,4,aptos_hf,True,val
hf_aptos_01575,data\raw\aptos\train_images\hf_aptos_01575.png,0,aptos_hf,True,val
hf_aptos_02682,data\raw\aptos\train_images\hf_aptos_02682.png,2,aptos_hf,True,val
hf_aptos_02101,data\raw\aptos\train_images\hf_aptos_02101.png,0,aptos_hf,True,val
hf_aptos_02797,data\raw\aptos\train_images\hf_aptos_02797.png,4,aptos_hf,True,val
hf_aptos_02733,data\raw\aptos\train_images\hf_aptos_02733.png,0,aptos_hf,True,val
hf_aptos_01417,data\raw\aptos\train_images\hf_aptos_01417.png,2,aptos_hf,True,val
hf_aptos_03619,data\raw\aptos\train_images\hf_aptos_03619.png,0,aptos_hf,True,val
hf_aptos_00497,data\raw\aptos\train_images\hf_aptos_00497.png,2,aptos_hf,True,val
hf_aptos_00703,data\raw\aptos\train_images\hf_aptos_00703.png,0,aptos_hf,True,val
hf_aptos_01454,data\raw\aptos\train_images\hf_aptos_01454.png,0,aptos_hf,True,val
hf_aptos_00711,data\raw\aptos\train_images\hf_aptos_00711.png,2,aptos_hf,True,val
hf_aptos_02062,data\raw\aptos\train_images\hf_aptos_02062.png,3,aptos_hf,True,val
hf_aptos_02822,data\raw\aptos\train_images\hf_aptos_02822.png,0,aptos_hf,True,val
hf_aptos_02948,data\raw\aptos\train_images\hf_aptos_02948.png,2,aptos_hf,True,val
hf_aptos_02189,data\raw\aptos\train_images\hf_aptos_02189.png,0,aptos_hf,True,val
hf_aptos_02668,data\raw\aptos\train_images\hf_aptos_02668.png,2,aptos_hf,True,val
hf_aptos_00910,data\raw\aptos\train_images\hf_aptos_00910.png,0,aptos_hf,True,val
hf_aptos_00948,data\raw\aptos\train_images\hf_aptos_00948.png,0,aptos_hf,True,val
hf_aptos_01767,data\raw\aptos\train_images\hf_aptos_01767.png,0,aptos_hf,True,val
hf_aptos_03454,data\raw\aptos\train_images\hf_aptos_03454.png,0,aptos_hf,True,val
hf_aptos_00291,data\raw\aptos\train_images\hf_aptos_00291.png,3,aptos_hf,True,val
hf_aptos_01308,data\raw\aptos\train_images\hf_aptos_01308.png,0,aptos_hf,True,val
hf_aptos_01406,data\raw\aptos\train_images\hf_aptos_01406.png,0,aptos_hf,True,val
hf_aptos_02835,data\raw\aptos\train_images\hf_aptos_02835.png,2,aptos_hf,True,val
hf_aptos_01408,data\raw\aptos\train_images\hf_aptos_01408.png,2,aptos_hf,True,val
hf_aptos_03227,data\raw\aptos\train_images\hf_aptos_03227.png,0,aptos_hf,True,val
hf_aptos_01361,data\raw\aptos\train_images\hf_aptos_01361.png,0,aptos_hf,True,val
hf_aptos_01455,data\raw\aptos\train_images\hf_aptos_01455.png,4,aptos_hf,True,val
hf_aptos_03566,data\raw\aptos\train_images\hf_aptos_03566.png,0,aptos_hf,True,val
hf_aptos_01391,data\raw\aptos\train_images\hf_aptos_01391.png,4,aptos_hf,True,val
hf_aptos_03257,data\raw\aptos\train_images\hf_aptos_03257.png,1,aptos_hf,True,val
hf_aptos_01736,data\raw\aptos\train_images\hf_aptos_01736.png,0,aptos_hf,True,val
hf_aptos_01351,data\raw\aptos\train_images\hf_aptos_01351.png,0,aptos_hf,True,val
hf_aptos_02190,data\raw\aptos\train_images\hf_aptos_02190.png,0,aptos_hf,True,val
hf_aptos_02997,data\raw\aptos\train_images\hf_aptos_02997.png,4,aptos_hf,True,val
hf_aptos_00033,data\raw\aptos\train_images\hf_aptos_00033.png,2,aptos_hf,True,val
hf_aptos_02746,data\raw\aptos\train_images\hf_aptos_02746.png,2,aptos_hf,True,val
hf_aptos_03302,data\raw\aptos\train_images\hf_aptos_03302.png,3,aptos_hf,True,val
hf_aptos_00173,data\raw\aptos\train_images\hf_aptos_00173.png,4,aptos_hf,True,val
hf_aptos_02150,data\raw\aptos\train_images\hf_aptos_02150.png,0,aptos_hf,True,val
hf_aptos_00342,data\raw\aptos\train_images\hf_aptos_00342.png,0,aptos_hf,True,val
hf_aptos_03150,data\raw\aptos\train_images\hf_aptos_03150.png,0,aptos_hf,True,val
hf_aptos_03556,data\raw\aptos\train_images\hf_aptos_03556.png,0,aptos_hf,True,val
hf_aptos_02604,data\raw\aptos\train_images\hf_aptos_02604.png,1,aptos_hf,True,val
hf_aptos_00132,data\raw\aptos\train_images\hf_aptos_00132.png,0,aptos_hf,True,val
hf_aptos_01857,data\raw\aptos\train_images\hf_aptos_01857.png,0,aptos_hf,True,val
hf_aptos_01579,data\raw\aptos\train_images\hf_aptos_01579.png,0,aptos_hf,True,val
hf_aptos_03051,data\raw\aptos\train_images\hf_aptos_03051.png,0,aptos_hf,True,val
hf_aptos_02198,data\raw\aptos\train_images\hf_aptos_02198.png,2,aptos_hf,True,val
hf_aptos_01659,data\raw\aptos\train_images\hf_aptos_01659.png,2,aptos_hf,True,val
hf_aptos_01400,data\raw\aptos\train_images\hf_aptos_01400.png,4,aptos_hf,True,val
hf_aptos_01841,data\raw\aptos\train_images\hf_aptos_01841.png,2,aptos_hf,True,val
hf_aptos_03393,data\raw\aptos\train_images\hf_aptos_03393.png,2,aptos_hf,True,val
hf_aptos_03222,data\raw\aptos\train_images\hf_aptos_03222.png,0,aptos_hf,True,val
hf_aptos_00558,data\raw\aptos\train_images\hf_aptos_00558.png,0,aptos_hf,True,val
hf_aptos_00532,data\raw\aptos\train_images\hf_aptos_00532.png,0,aptos_hf,True,val
hf_aptos_01559,data\raw\aptos\train_images\hf_aptos_01559.png,0,aptos_hf,True,val
hf_aptos_02422,data\raw\aptos\train_images\hf_aptos_02422.png,1,aptos_hf,True,val
hf_aptos_01130,data\raw\aptos\train_images\hf_aptos_01130.png,0,aptos_hf,True,val
hf_aptos_02631,data\raw\aptos\train_images\hf_aptos_02631.png,3,aptos_hf,True,val
hf_aptos_01637,data\raw\aptos\train_images\hf_aptos_01637.png,0,aptos_hf,True,val
hf_aptos_02749,data\raw\aptos\train_images\hf_aptos_02749.png,2,aptos_hf,True,val
hf_aptos_02740,data\raw\aptos\train_images\hf_aptos_02740.png,0,aptos_hf,True,val
hf_aptos_01470,data\raw\aptos\train_images\hf_aptos_01470.png,0,aptos_hf,True,val
hf_aptos_02096,data\raw\aptos\train_images\hf_aptos_02096.png,0,aptos_hf,True,val
hf_aptos_00724,data\raw\aptos\train_images\hf_aptos_00724.png,2,aptos_hf,True,val
hf_aptos_02330,data\raw\aptos\train_images\hf_aptos_02330.png,1,aptos_hf,True,val
hf_aptos_00233,data\raw\aptos\train_images\hf_aptos_00233.png,1,aptos_hf,True,val
hf_aptos_01395,data\raw\aptos\train_images\hf_aptos_01395.png,1,aptos_hf,True,val
hf_aptos_01716,data\raw\aptos\train_images\hf_aptos_01716.png,2,aptos_hf,True,val
hf_aptos_00967,data\raw\aptos\train_images\hf_aptos_00967.png,0,aptos_hf,True,val
hf_aptos_01713,data\raw\aptos\train_images\hf_aptos_01713.png,4,aptos_hf,True,val
hf_aptos_03655,data\raw\aptos\train_images\hf_aptos_03655.png,2,aptos_hf,True,val
hf_aptos_00373,data\raw\aptos\train_images\hf_aptos_00373.png,0,aptos_hf,True,val
hf_aptos_01898,data\raw\aptos\train_images\hf_aptos_01898.png,2,aptos_hf,True,val
hf_aptos_02998,data\raw\aptos\train_images\hf_aptos_02998.png,1,aptos_hf,True,val
hf_aptos_03593,data\raw\aptos\train_images\hf_aptos_03593.png,0,aptos_hf,True,val
hf_aptos_01291,data\raw\aptos\train_images\hf_aptos_01291.png,2,aptos_hf,True,val
hf_aptos_01110,data\raw\aptos\train_images\hf_aptos_01110.png,0,aptos_hf,True,val
hf_aptos_02295,data\raw\aptos\train_images\hf_aptos_02295.png,2,aptos_hf,True,val
hf_aptos_02024,data\raw\aptos\train_images\hf_aptos_02024.png,2,aptos_hf,True,val
hf_aptos_00800,data\raw\aptos\train_images\hf_aptos_00800.png,0,aptos_hf,True,val
hf_aptos_00292,data\raw\aptos\train_images\hf_aptos_00292.png,0,aptos_hf,True,val
hf_aptos_00988,data\raw\aptos\train_images\hf_aptos_00988.png,2,aptos_hf,True,val
hf_aptos_00473,data\raw\aptos\train_images\hf_aptos_00473.png,0,aptos_hf,True,val
hf_aptos_03079,data\raw\aptos\train_images\hf_aptos_03079.png,1,aptos_hf,True,val
hf_aptos_01242,data\raw\aptos\train_images\hf_aptos_01242.png,1,aptos_hf,True,val
hf_aptos_02491,data\raw\aptos\train_images\hf_aptos_02491.png,0,aptos_hf,True,val
hf_aptos_01041,data\raw\aptos\train_images\hf_aptos_01041.png,0,aptos_hf,True,val
hf_aptos_01725,data\raw\aptos\train_images\hf_aptos_01725.png,0,aptos_hf,True,val
hf_aptos_02021,data\raw\aptos\train_images\hf_aptos_02021.png,0,aptos_hf,True,val
hf_aptos_02390,data\raw\aptos\train_images\hf_aptos_02390.png,3,aptos_hf,True,val
hf_aptos_02518,data\raw\aptos\train_images\hf_aptos_02518.png,1,aptos_hf,True,val
hf_aptos_00814,data\raw\aptos\train_images\hf_aptos_00814.png,0,aptos_hf,True,val
hf_aptos_02794,data\raw\aptos\train_images\hf_aptos_02794.png,1,aptos_hf,True,val
hf_aptos_02065,data\raw\aptos\train_images\hf_aptos_02065.png,3,aptos_hf,True,val
hf_aptos_02365,data\raw\aptos\train_images\hf_aptos_02365.png,1,aptos_hf,True,val
hf_aptos_00569,data\raw\aptos\train_images\hf_aptos_00569.png,0,aptos_hf,True,val
hf_aptos_01334,data\raw\aptos\train_images\hf_aptos_01334.png,1,aptos_hf,True,val
hf_aptos_00232,data\raw\aptos\train_images\hf_aptos_00232.png,4,aptos_hf,True,val
hf_aptos_01603,data\raw\aptos\train_images\hf_aptos_01603.png,2,aptos_hf,True,val
hf_aptos_00534,data\raw\aptos\train_images\hf_aptos_00534.png,4,aptos_hf,True,val
hf_aptos_03519,data\raw\aptos\train_images\hf_aptos_03519.png,4,aptos_hf,True,val
hf_aptos_02979,data\raw\aptos\train_images\hf_aptos_02979.png,1,aptos_hf,True,val
hf_aptos_03331,data\raw\aptos\train_images\hf_aptos_03331.png,0,aptos_hf,True,val
hf_aptos_03102,data\raw\aptos\train_images\hf_aptos_03102.png,2,aptos_hf,True,val
hf_aptos_01945,data\raw\aptos\train_images\hf_aptos_01945.png,0,aptos_hf,True,val
hf_aptos_02714,data\raw\aptos\train_images\hf_aptos_02714.png,0,aptos_hf,True,val
hf_aptos_03521,data\raw\aptos\train_images\hf_aptos_03521.png,1,aptos_hf,True,val
hf_aptos_03317,data\raw\aptos\train_images\hf_aptos_03317.png,0,aptos_hf,True,val
hf_aptos_01904,data\raw\aptos\train_images\hf_aptos_01904.png,3,aptos_hf,True,val
hf_aptos_03477,data\raw\aptos\train_images\hf_aptos_03477.png,2,aptos_hf,True,val
hf_aptos_03523,data\raw\aptos\train_images\hf_aptos_03523.png,0,aptos_hf,True,val
hf_aptos_02661,data\raw\aptos\train_images\hf_aptos_02661.png,4,aptos_hf,True,val
hf_aptos_00498,data\raw\aptos\train_images\hf_aptos_00498.png,0,aptos_hf,True,val
hf_aptos_02073,data\raw\aptos\train_images\hf_aptos_02073.png,2,aptos_hf,True,val
hf_aptos_00857,data\raw\aptos\train_images\hf_aptos_00857.png,2,aptos_hf,True,val
hf_aptos_03071,data\raw\aptos\train_images\hf_aptos_03071.png,1,aptos_hf,True,val
hf_aptos_00354,data\raw\aptos\train_images\hf_aptos_00354.png,1,aptos_hf,True,val
hf_aptos_00557,data\raw\aptos\train_images\hf_aptos_00557.png,1,aptos_hf,True,val
hf_aptos_03538,data\raw\aptos\train_images\hf_aptos_03538.png,3,aptos_hf,True,val
hf_aptos_03445,data\raw\aptos\train_images\hf_aptos_03445.png,2,aptos_hf,True,val
hf_aptos_00271,data\raw\aptos\train_images\hf_aptos_00271.png,2,aptos_hf,True,val
hf_aptos_03394,data\raw\aptos\train_images\hf_aptos_03394.png,4,aptos_hf,True,val
hf_aptos_00919,data\raw\aptos\train_images\hf_aptos_00919.png,2,aptos_hf,True,val
hf_aptos_03060,data\raw\aptos\train_images\hf_aptos_03060.png,2,aptos_hf,True,val
hf_aptos_00267,data\raw\aptos\train_images\hf_aptos_00267.png,2,aptos_hf,True,val
hf_aptos_02059,data\raw\aptos\train_images\hf_aptos_02059.png,0,aptos_hf,True,val
hf_aptos_00519,data\raw\aptos\train_images\hf_aptos_00519.png,0,aptos_hf,True,val
hf_aptos_03298,data\raw\aptos\train_images\hf_aptos_03298.png,4,aptos_hf,True,val
hf_aptos_00696,data\raw\aptos\train_images\hf_aptos_00696.png,0,aptos_hf,True,val
hf_aptos_01964,data\raw\aptos\train_images\hf_aptos_01964.png,0,aptos_hf,True,val
hf_aptos_00053,data\raw\aptos\train_images\hf_aptos_00053.png,2,aptos_hf,True,val
hf_aptos_03649,data\raw\aptos\train_images\hf_aptos_03649.png,0,aptos_hf,True,val
hf_aptos_01747,data\raw\aptos\train_images\hf_aptos_01747.png,0,aptos_hf,True,val
hf_aptos_00802,data\raw\aptos\train_images\hf_aptos_00802.png,3,aptos_hf,True,val
hf_aptos_02430,data\raw\aptos\train_images\hf_aptos_02430.png,1,aptos_hf,True,val
hf_aptos_00171,data\raw\aptos\train_images\hf_aptos_00171.png,0,aptos_hf,True,val
hf_aptos_00426,data\raw\aptos\train_images\hf_aptos_00426.png,2,aptos_hf,True,val
hf_aptos_02514,data\raw\aptos\train_images\hf_aptos_02514.png,0,aptos_hf,True,val
hf_aptos_00206,data\raw\aptos\train_images\hf_aptos_00206.png,0,aptos_hf,True,val
hf_aptos_01587,data\raw\aptos\train_images\hf_aptos_01587.png,4,aptos_hf,True,val
hf_aptos_01624,data\raw\aptos\train_images\hf_aptos_01624.png,4,aptos_hf,True,val
hf_aptos_01255,data\raw\aptos\train_images\hf_aptos_01255.png,0,aptos_hf,True,val
hf_aptos_01239,data\raw\aptos\train_images\hf_aptos_01239.png,2,aptos_hf,True,val
hf_aptos_00987,data\raw\aptos\train_images\hf_aptos_00987.png,0,aptos_hf,True,val
hf_aptos_01464,data\raw\aptos\train_images\hf_aptos_01464.png,2,aptos_hf,True,val
hf_aptos_00320,data\raw\aptos\train_images\hf_aptos_00320.png,2,aptos_hf,True,val
hf_aptos_00855,data\raw\aptos\train_images\hf_aptos_00855.png,1,aptos_hf,True,val
hf_aptos_00374,data\raw\aptos\train_images\hf_aptos_00374.png,0,aptos_hf,True,val
hf_aptos_01042,data\raw\aptos\train_images\hf_aptos_01042.png,4,aptos_hf,True,val
hf_aptos_01314,data\raw\aptos\train_images\hf_aptos_01314.png,0,aptos_hf,True,val
hf_aptos_01902,data\raw\aptos\train_images\hf_aptos_01902.png,2,aptos_hf,True,val
hf_aptos_00545,data\raw\aptos\train_images\hf_aptos_00545.png,0,aptos_hf,True,val
hf_aptos_02986,data\raw\aptos\train_images\hf_aptos_02986.png,0,aptos_hf,True,val
hf_aptos_02288,data\raw\aptos\train_images\hf_aptos_02288.png,0,aptos_hf,True,val
hf_aptos_01185,data\raw\aptos\train_images\hf_aptos_01185.png,0,aptos_hf,True,val
hf_aptos_01036,data\raw\aptos\train_images\hf_aptos_01036.png,4,aptos_hf,True,val
hf_aptos_01088,data\raw\aptos\train_images\hf_aptos_01088.png,0,aptos_hf,True,val
hf_aptos_00742,data\raw\aptos\train_images\hf_aptos_00742.png,0,aptos_hf,True,val
hf_aptos_02989,data\raw\aptos\train_images\hf_aptos_02989.png,0,aptos_hf,True,val
hf_aptos_00941,data\raw\aptos\train_images\hf_aptos_00941.png,2,aptos_hf,True,val
hf_aptos_02136,data\raw\aptos\train_images\hf_aptos_02136.png,0,aptos_hf,True,val
hf_aptos_02159,data\raw\aptos\train_images\hf_aptos_02159.png,0,aptos_hf,True,val
hf_aptos_03309,data\raw\aptos\train_images\hf_aptos_03309.png,0,aptos_hf,True,val
hf_aptos_03016,data\raw\aptos\train_images\hf_aptos_03016.png,0,aptos_hf,True,val
hf_aptos_02579,data\raw\aptos\train_images\hf_aptos_02579.png,0,aptos_hf,True,val
hf_aptos_00238,data\raw\aptos\train_images\hf_aptos_00238.png,2,aptos_hf,True,val
hf_aptos_03311,data\raw\aptos\train_images\hf_aptos_03311.png,0,aptos_hf,True,val
hf_aptos_01501,data\raw\aptos\train_images\hf_aptos_01501.png,2,aptos_hf,True,val
hf_aptos_03122,data\raw\aptos\train_images\hf_aptos_03122.png,0,aptos_hf,True,val
hf_aptos_00127,data\raw\aptos\train_images\hf_aptos_00127.png,0,aptos_hf,True,val
hf_aptos_02902,data\raw\aptos\train_images\hf_aptos_02902.png,3,aptos_hf,True,val
hf_aptos_02144,data\raw\aptos\train_images\hf_aptos_02144.png,0,aptos_hf,True,val
hf_aptos_03471,data\raw\aptos\train_images\hf_aptos_03471.png,2,aptos_hf,True,val
hf_aptos_02780,data\raw\aptos\train_images\hf_aptos_02780.png,0,aptos_hf,True,val
hf_aptos_00586,data\raw\aptos\train_images\hf_aptos_00586.png,2,aptos_hf,True,val
hf_aptos_00032,data\raw\aptos\train_images\hf_aptos_00032.png,4,aptos_hf,True,val
hf_aptos_00096,data\raw\aptos\train_images\hf_aptos_00096.png,0,aptos_hf,True,val
hf_aptos_03073,data\raw\aptos\train_images\hf_aptos_03073.png,0,aptos_hf,True,val
hf_aptos_00751,data\raw\aptos\train_images\hf_aptos_00751.png,1,aptos_hf,True,val
hf_aptos_02181,data\raw\aptos\train_images\hf_aptos_02181.png,0,aptos_hf,True,val
hf_aptos_03337,data\raw\aptos\train_images\hf_aptos_03337.png,0,aptos_hf,True,val
hf_aptos_01139,data\raw\aptos\train_images\hf_aptos_01139.png,0,aptos_hf,True,val
hf_aptos_00184,data\raw\aptos\train_images\hf_aptos_00184.png,0,aptos_hf,True,val
hf_aptos_02994,data\raw\aptos\train_images\hf_aptos_02994.png,3,aptos_hf,True,val
hf_aptos_01486,data\raw\aptos\train_images\hf_aptos_01486.png,0,aptos_hf,True,val
hf_aptos_00202,data\raw\aptos\train_images\hf_aptos_00202.png,2,aptos_hf,True,val
hf_aptos_01866,data\raw\aptos\train_images\hf_aptos_01866.png,2,aptos_hf,True,val
hf_aptos_00336,data\raw\aptos\train_images\hf_aptos_00336.png,2,aptos_hf,True,val
hf_aptos_02898,data\raw\aptos\train_images\hf_aptos_02898.png,0,aptos_hf,True,val
hf_aptos_01786,data\raw\aptos\train_images\hf_aptos_01786.png,2,aptos_hf,True,val
hf_aptos_02260,data\raw\aptos\train_images\hf_aptos_02260.png,3,aptos_hf,True,val
hf_aptos_01803,data\raw\aptos\train_images\hf_aptos_01803.png,0,aptos_hf,True,val
hf_aptos_01293,data\raw\aptos\train_images\hf_aptos_01293.png,2,aptos_hf,True,val
hf_aptos_03392,data\raw\aptos\train_images\hf_aptos_03392.png,0,aptos_hf,True,val
hf_aptos_00512,data\raw\aptos\train_images\hf_aptos_00512.png,0,aptos_hf,True,val
hf_aptos_00631,data\raw\aptos\train_images\hf_aptos_00631.png,0,aptos_hf,True,val
hf_aptos_00591,data\raw\aptos\train_images\hf_aptos_00591.png,0,aptos_hf,True,val
hf_aptos_02886,data\raw\aptos\train_images\hf_aptos_02886.png,2,aptos_hf,True,val
hf_aptos_00705,data\raw\aptos\train_images\hf_aptos_00705.png,0,aptos_hf,True,val
hf_aptos_02665,data\raw\aptos\train_images\hf_aptos_02665.png,0,aptos_hf,True,val
hf_aptos_00516,data\raw\aptos\train_images\hf_aptos_00516.png,0,aptos_hf,True,val
hf_aptos_02602,data\raw\aptos\train_images\hf_aptos_02602.png,0,aptos_hf,True,val
hf_aptos_01917,data\raw\aptos\train_images\hf_aptos_01917.png,4,aptos_hf,True,val
hf_aptos_02368,data\raw\aptos\train_images\hf_aptos_02368.png,0,aptos_hf,True,val
hf_aptos_02164,data\raw\aptos\train_images\hf_aptos_02164.png,4,aptos_hf,True,val
hf_aptos_02315,data\raw\aptos\train_images\hf_aptos_02315.png,0,aptos_hf,True,val
hf_aptos_00406,data\raw\aptos\train_images\hf_aptos_00406.png,0,aptos_hf,True,val
hf_aptos_00355,data\raw\aptos\train_images\hf_aptos_00355.png,0,aptos_hf,True,val
hf_aptos_00982,data\raw\aptos\train_images\hf_aptos_00982.png,2,aptos_hf,True,val
hf_aptos_01231,data\raw\aptos\train_images\hf_aptos_01231.png,2,aptos_hf,True,val
hf_aptos_01897,data\raw\aptos\train_images\hf_aptos_01897.png,0,aptos_hf,True,val
hf_aptos_01832,data\raw\aptos\train_images\hf_aptos_01832.png,0,aptos_hf,True,val
hf_aptos_03488,data\raw\aptos\train_images\hf_aptos_03488.png,2,aptos_hf,True,val
hf_aptos_02840,data\raw\aptos\train_images\hf_aptos_02840.png,0,aptos_hf,True,val
hf_aptos_02286,data\raw\aptos\train_images\hf_aptos_02286.png,2,aptos_hf,True,val
hf_aptos_00728,data\raw\aptos\train_images\hf_aptos_00728.png,0,aptos_hf,True,val
hf_aptos_01301,data\raw\aptos\train_images\hf_aptos_01301.png,0,aptos_hf,True,val
hf_aptos_00809,data\raw\aptos\train_images\hf_aptos_00809.png,0,aptos_hf,True,val
hf_aptos_03041,data\raw\aptos\train_images\hf_aptos_03041.png,0,aptos_hf,True,val
hf_aptos_03645,data\raw\aptos\train_images\hf_aptos_03645.png,0,aptos_hf,True,val
hf_aptos_02691,data\raw\aptos\train_images\hf_aptos_02691.png,0,aptos_hf,True,val
hf_aptos_03623,data\raw\aptos\train_images\hf_aptos_03623.png,2,aptos_hf,True,val
hf_aptos_01204,data\raw\aptos\train_images\hf_aptos_01204.png,2,aptos_hf,True,val
hf_aptos_02424,data\raw\aptos\train_images\hf_aptos_02424.png,0,aptos_hf,True,val
hf_aptos_00048,data\raw\aptos\train_images\hf_aptos_00048.png,0,aptos_hf,True,val
hf_aptos_02398,data\raw\aptos\train_images\hf_aptos_02398.png,2,aptos_hf,True,val
hf_aptos_02066,data\raw\aptos\train_images\hf_aptos_02066.png,0,aptos_hf,True,val
hf_aptos_03420,data\raw\aptos\train_images\hf_aptos_03420.png,0,aptos_hf,True,val
hf_aptos_01442,data\raw\aptos\train_images\hf_aptos_01442.png,2,aptos_hf,True,val
hf_aptos_03432,data\raw\aptos\train_images\hf_aptos_03432.png,0,aptos_hf,True,val
hf_aptos_03621,data\raw\aptos\train_images\hf_aptos_03621.png,0,aptos_hf,True,val
hf_aptos_00218,data\raw\aptos\train_images\hf_aptos_00218.png,0,aptos_hf,True,val
hf_aptos_02837,data\raw\aptos\train_images\hf_aptos_02837.png,2,aptos_hf,True,val
hf_aptos_02282,data\raw\aptos\train_images\hf_aptos_02282.png,0,aptos_hf,True,val
hf_aptos_01027,data\raw\aptos\train_images\hf_aptos_01027.png,1,aptos_hf,True,val
hf_aptos_01743,data\raw\aptos\train_images\hf_aptos_01743.png,4,aptos_hf,True,val
hf_aptos_01630,data\raw\aptos\train_images\hf_aptos_01630.png,0,aptos_hf,True,val
hf_aptos_02064,data\raw\aptos\train_images\hf_aptos_02064.png,1,aptos_hf,True,val
hf_aptos_03299,data\raw\aptos\train_images\hf_aptos_03299.png,0,aptos_hf,True,val
hf_aptos_00726,data\raw\aptos\train_images\hf_aptos_00726.png,0,aptos_hf,True,val
hf_aptos_01631,data\raw\aptos\train_images\hf_aptos_01631.png,1,aptos_hf,True,val
hf_aptos_01878,data\raw\aptos\train_images\hf_aptos_01878.png,0,aptos_hf,True,val
hf_aptos_03084,data\raw\aptos\train_images\hf_aptos_03084.png,0,aptos_hf,True,val
hf_aptos_02701,data\raw\aptos\train_images\hf_aptos_02701.png,0,aptos_hf,True,val
hf_aptos_03375,data\raw\aptos\train_images\hf_aptos_03375.png,2,aptos_hf,True,val
hf_aptos_02097,data\raw\aptos\train_images\hf_aptos_02097.png,2,aptos_hf,True,val
hf_aptos_01593,data\raw\aptos\train_images\hf_aptos_01593.png,0,aptos_hf,True,val
hf_aptos_03455,data\raw\aptos\train_images\hf_aptos_03455.png,0,aptos_hf,True,val
hf_aptos_01852,data\raw\aptos\train_images\hf_aptos_01852.png,2,aptos_hf,True,val
hf_aptos_02438,data\raw\aptos\train_images\hf_aptos_02438.png,0,aptos_hf,True,val
hf_aptos_03081,data\raw\aptos\train_images\hf_aptos_03081.png,0,aptos_hf,True,val
hf_aptos_02516,data\raw\aptos\train_images\hf_aptos_02516.png,0,aptos_hf,True,val
hf_aptos_01527,data\raw\aptos\train_images\hf_aptos_01527.png,0,aptos_hf,True,val
hf_aptos_01317,data\raw\aptos\train_images\hf_aptos_01317.png,1,aptos_hf,True,val
hf_aptos_01967,data\raw\aptos\train_images\hf_aptos_01967.png,0,aptos_hf,True,val
hf_aptos_01819,data\raw\aptos\train_images\hf_aptos_01819.png,1,aptos_hf,True,val
hf_aptos_02402,data\raw\aptos\train_images\hf_aptos_02402.png,3,aptos_hf,True,val
hf_aptos_01051,data\raw\aptos\train_images\hf_aptos_01051.png,2,aptos_hf,True,val
hf_aptos_02098,data\raw\aptos\train_images\hf_aptos_02098.png,0,aptos_hf,True,val
hf_aptos_00626,data\raw\aptos\train_images\hf_aptos_00626.png,2,aptos_hf,True,val
hf_aptos_01259,data\raw\aptos\train_images\hf_aptos_01259.png,0,aptos_hf,True,val
hf_aptos_01304,data\raw\aptos\train_images\hf_aptos_01304.png,0,aptos_hf,True,val
hf_aptos_01571,data\raw\aptos\train_images\hf_aptos_01571.png,2,aptos_hf,True,val
hf_aptos_01956,data\raw\aptos\train_images\hf_aptos_01956.png,1,aptos_hf,True,val
hf_aptos_01911,data\raw\aptos\train_images\hf_aptos_01911.png,2,aptos_hf,True,val
hf_aptos_03431,data\raw\aptos\train_images\hf_aptos_03431.png,2,aptos_hf,True,val
hf_aptos_00467,data\raw\aptos\train_images\hf_aptos_00467.png,0,aptos_hf,True,val
hf_aptos_00983,data\raw\aptos\train_images\hf_aptos_00983.png,1,aptos_hf,True,val
hf_aptos_01556,data\raw\aptos\train_images\hf_aptos_01556.png,2,aptos_hf,True,val
hf_aptos_02287,data\raw\aptos\train_images\hf_aptos_02287.png,0,aptos_hf,True,val
hf_aptos_01218,data\raw\aptos\train_images\hf_aptos_01218.png,0,aptos_hf,True,val
hf_aptos_00332,data\raw\aptos\train_images\hf_aptos_00332.png,0,aptos_hf,True,val
hf_aptos_03270,data\raw\aptos\train_images\hf_aptos_03270.png,0,aptos_hf,True,val
hf_aptos_01273,data\raw\aptos\train_images\hf_aptos_01273.png,0,aptos_hf,True,val
hf_aptos_02652,data\raw\aptos\train_images\hf_aptos_02652.png,3,aptos_hf,True,val
hf_aptos_01942,data\raw\aptos\train_images\hf_aptos_01942.png,4,aptos_hf,True,val
hf_aptos_01608,data\raw\aptos\train_images\hf_aptos_01608.png,0,aptos_hf,True,val
hf_aptos_02033,data\raw\aptos\train_images\hf_aptos_02033.png,0,aptos_hf,True,val
hf_aptos_00485,data\raw\aptos\train_images\hf_aptos_00485.png,0,aptos_hf,True,val
hf_aptos_02471,data\raw\aptos\train_images\hf_aptos_02471.png,0,aptos_hf,True,val
hf_aptos_03405,data\raw\aptos\train_images\hf_aptos_03405.png,0,aptos_hf,True,val
hf_aptos_03338,data\raw\aptos\train_images\hf_aptos_03338.png,2,aptos_hf,True,val
hf_aptos_00921,data\raw\aptos\train_images\hf_aptos_00921.png,0,aptos_hf,True,val
hf_aptos_00304,data\raw\aptos\train_images\hf_aptos_00304.png,3,aptos_hf,True,val
hf_aptos_02496,data\raw\aptos\train_images\hf_aptos_02496.png,1,aptos_hf,True,val
hf_aptos_01227,data\raw\aptos\train_images\hf_aptos_01227.png,2,aptos_hf,True,val
hf_aptos_01658,data\raw\aptos\train_images\hf_aptos_01658.png,1,aptos_hf,True,val
hf_aptos_02765,data\raw\aptos\train_images\hf_aptos_02765.png,0,aptos_hf,True,val
hf_aptos_01874,data\raw\aptos\train_images\hf_aptos_01874.png,2,aptos_hf,True,val
hf_aptos_01649,data\raw\aptos\train_images\hf_aptos_01649.png,0,aptos_hf,True,val
hf_aptos_00394,data\raw\aptos\train_images\hf_aptos_00394.png,0,aptos_hf,True,val
hf_aptos_00440,data\raw\aptos\train_images\hf_aptos_00440.png,2,aptos_hf,True,val
hf_aptos_00964,data\raw\aptos\train_images\hf_aptos_00964.png,4,aptos_hf,True,val
hf_aptos_03333,data\raw\aptos\train_images\hf_aptos_03333.png,2,aptos_hf,True,val
hf_aptos_02581,data\raw\aptos\train_images\hf_aptos_02581.png,3,aptos_hf,True,val
hf_aptos_00812,data\raw\aptos\train_images\hf_aptos_00812.png,4,aptos_hf,True,val
hf_aptos_01280,data\raw\aptos\train_images\hf_aptos_01280.png,2,aptos_hf,True,val
hf_aptos_02037,data\raw\aptos\train_images\hf_aptos_02037.png,0,aptos_hf,True,val
hf_aptos_01031,data\raw\aptos\train_images\hf_aptos_01031.png,0,aptos_hf,True,val
hf_aptos_01105,data\raw\aptos\train_images\hf_aptos_01105.png,1,aptos_hf,True,val
hf_aptos_02069,data\raw\aptos\train_images\hf_aptos_02069.png,2,aptos_hf,True,val
hf_aptos_02219,data\raw\aptos\train_images\hf_aptos_02219.png,0,aptos_hf,True,val
hf_aptos_01912,data\raw\aptos\train_images\hf_aptos_01912.png,2,aptos_hf,True,val
hf_aptos_02446,data\raw\aptos\train_images\hf_aptos_02446.png,2,aptos_hf,True,val
hf_aptos_02954,data\raw\aptos\train_images\hf_aptos_02954.png,0,aptos_hf,True,val
hf_aptos_00278,data\raw\aptos\train_images\hf_aptos_00278.png,0,aptos_hf,True,val
hf_aptos_01986,data\raw\aptos\train_images\hf_aptos_01986.png,3,aptos_hf,True,val
hf_aptos_00036,data\raw\aptos\train_images\hf_aptos_00036.png,0,aptos_hf,True,val
hf_aptos_00592,data\raw\aptos\train_images\hf_aptos_00592.png,1,aptos_hf,True,val
hf_aptos_00012,data\raw\aptos\train_images\hf_aptos_00012.png,0,aptos_hf,True,val
hf_aptos_00971,data\raw\aptos\train_images\hf_aptos_00971.png,0,aptos_hf,True,val
hf_aptos_02970,data\raw\aptos\train_images\hf_aptos_02970.png,3,aptos_hf,True,val
hf_aptos_01699,data\raw\aptos\train_images\hf_aptos_01699.png,0,aptos_hf,True,val
hf_aptos_01315,data\raw\aptos\train_images\hf_aptos_01315.png,4,aptos_hf,True,val
hf_aptos_02329,data\raw\aptos\train_images\hf_aptos_02329.png,0,aptos_hf,True,val
hf_aptos_01635,data\raw\aptos\train_images\hf_aptos_01635.png,0,aptos_hf,True,val
hf_aptos_02737,data\raw\aptos\train_images\hf_aptos_02737.png,2,aptos_hf,True,val
hf_aptos_01278,data\raw\aptos\train_images\hf_aptos_01278.png,0,aptos_hf,True,val
hf_aptos_01064,data\raw\aptos\train_images\hf_aptos_01064.png,0,aptos_hf,True,val
hf_aptos_01752,data\raw\aptos\train_images\hf_aptos_01752.png,2,aptos_hf,True,val
hf_aptos_00396,data\raw\aptos\train_images\hf_aptos_00396.png,0,aptos_hf,True,val
hf_aptos_01673,data\raw\aptos\train_images\hf_aptos_01673.png,0,aptos_hf,True,val
hf_aptos_01076,data\raw\aptos\train_images\hf_aptos_01076.png,1,aptos_hf,True,val
hf_aptos_01157,data\raw\aptos\train_images\hf_aptos_01157.png,0,aptos_hf,True,val
hf_aptos_03382,data\raw\aptos\train_images\hf_aptos_03382.png,2,aptos_hf,True,val
hf_aptos_01701,data\raw\aptos\train_images\hf_aptos_01701.png,0,aptos_hf,True,val
hf_aptos_01205,data\raw\aptos\train_images\hf_aptos_01205.png,0,aptos_hf,True,val
hf_aptos_01292,data\raw\aptos\train_images\hf_aptos_01292.png,4,aptos_hf,True,val
hf_aptos_03146,data\raw\aptos\train_images\hf_aptos_03146.png,0,aptos_hf,True,val
hf_aptos_00556,data\raw\aptos\train_images\hf_aptos_00556.png,2,aptos_hf,True,val
hf_aptos_02940,data\raw\aptos\train_images\hf_aptos_02940.png,2,aptos_hf,True,val
hf_aptos_01497,data\raw\aptos\train_images\hf_aptos_01497.png,0,aptos_hf,True,val
hf_aptos_00386,data\raw\aptos\train_images\hf_aptos_00386.png,2,aptos_hf,True,val
hf_aptos_01310,data\raw\aptos\train_images\hf_aptos_01310.png,2,aptos_hf,True,val
hf_aptos_01386,data\raw\aptos\train_images\hf_aptos_01386.png,1,aptos_hf,True,val
hf_aptos_01415,data\raw\aptos\train_images\hf_aptos_01415.png,1,aptos_hf,True,val
hf_aptos_00235,data\raw\aptos\train_images\hf_aptos_00235.png,2,aptos_hf,True,val
hf_aptos_02702,data\raw\aptos\train_images\hf_aptos_02702.png,0,aptos_hf,True,val
hf_aptos_03093,data\raw\aptos\train_images\hf_aptos_03093.png,0,aptos_hf,True,val
hf_aptos_02693,data\raw\aptos\train_images\hf_aptos_02693.png,2,aptos_hf,True,val
hf_aptos_02736,data\raw\aptos\train_images\hf_aptos_02736.png,2,aptos_hf,True,val
hf_aptos_02455,data\raw\aptos\train_images\hf_aptos_02455.png,2,aptos_hf,True,val
hf_aptos_02119,data\raw\aptos\train_images\hf_aptos_02119.png,4,aptos_hf,True,val
hf_aptos_01222,data\raw\aptos\train_images\hf_aptos_01222.png,2,aptos_hf,True,val
hf_aptos_00128,data\raw\aptos\train_images\hf_aptos_00128.png,0,aptos_hf,True,val
hf_aptos_01327,data\raw\aptos\train_images\hf_aptos_01327.png,2,aptos_hf,True,val
hf_aptos_02006,data\raw\aptos\train_images\hf_aptos_02006.png,0,aptos_hf,True,val
hf_aptos_02432,data\raw\aptos\train_images\hf_aptos_02432.png,0,aptos_hf,True,val
hf_aptos_00159,data\raw\aptos\train_images\hf_aptos_00159.png,2,aptos_hf,True,val
hf_aptos_02411,data\raw\aptos\train_images\hf_aptos_02411.png,2,aptos_hf,True,val
hf_aptos_02538,data\raw\aptos\train_images\hf_aptos_02538.png,2,aptos_hf,True,val
hf_aptos_01742,data\raw\aptos\train_images\hf_aptos_01742.png,1,aptos_hf,True,val
hf_aptos_02244,data\raw\aptos\train_images\hf_aptos_02244.png,2,aptos_hf,True,val
hf_aptos_02459,data\raw\aptos\train_images\hf_aptos_02459.png,2,aptos_hf,True,val
hf_aptos_00945,data\raw\aptos\train_images\hf_aptos_00945.png,0,aptos_hf,True,val
hf_aptos_00587,data\raw\aptos\train_images\hf_aptos_00587.png,2,aptos_hf,True,val
hf_aptos_03273,data\raw\aptos\train_images\hf_aptos_03273.png,0,aptos_hf,True,val
hf_aptos_00692,data\raw\aptos\train_images\hf_aptos_00692.png,2,aptos_hf,True,val
hf_aptos_01924,data\raw\aptos\train_images\hf_aptos_01924.png,4,aptos_hf,True,val
hf_aptos_02457,data\raw\aptos\train_images\hf_aptos_02457.png,0,aptos_hf,True,val
hf_aptos_02601,data\raw\aptos\train_images\hf_aptos_02601.png,0,aptos_hf,True,val
hf_aptos_03517,data\raw\aptos\train_images\hf_aptos_03517.png,0,aptos_hf,True,val
hf_aptos_03594,data\raw\aptos\train_images\hf_aptos_03594.png,0,aptos_hf,True,val
hf_aptos_01016,data\raw\aptos\train_images\hf_aptos_01016.png,0,aptos_hf,True,val
hf_aptos_00885,data\raw\aptos\train_images\hf_aptos_00885.png,0,aptos_hf,True,val
hf_aptos_00805,data\raw\aptos\train_images\hf_aptos_00805.png,0,aptos_hf,True,val
hf_aptos_02374,data\raw\aptos\train_images\hf_aptos_02374.png,0,aptos_hf,True,val
hf_aptos_02199,data\raw\aptos\train_images\hf_aptos_02199.png,2,aptos_hf,True,val
hf_aptos_03658,data\raw\aptos\train_images\hf_aptos_03658.png,0,aptos_hf,True,val
hf_aptos_03487,data\raw\aptos\train_images\hf_aptos_03487.png,4,aptos_hf,True,val
hf_aptos_00892,data\raw\aptos\train_images\hf_aptos_00892.png,0,aptos_hf,True,val
hf_aptos_02974,data\raw\aptos\train_images\hf_aptos_02974.png,0,aptos_hf,True,val
hf_aptos_02844,data\raw\aptos\train_images\hf_aptos_02844.png,0,aptos_hf,True,val
hf_aptos_01846,data\raw\aptos\train_images\hf_aptos_01846.png,0,aptos_hf,True,val
hf_aptos_00858,data\raw\aptos\train_images\hf_aptos_00858.png,1,aptos_hf,True,val
hf_aptos_02221,data\raw\aptos\train_images\hf_aptos_02221.png,0,aptos_hf,True,val
hf_aptos_01453,data\raw\aptos\train_images\hf_aptos_01453.png,0,aptos_hf,True,val
hf_aptos_03636,data\raw\aptos\train_images\hf_aptos_03636.png,2,aptos_hf,True,val
hf_aptos_00916,data\raw\aptos\train_images\hf_aptos_00916.png,2,aptos_hf,True,val
hf_aptos_00138,data\raw\aptos\train_images\hf_aptos_00138.png,0,aptos_hf,True,val
hf_aptos_02442,data\raw\aptos\train_images\hf_aptos_02442.png,0,aptos_hf,True,val
hf_aptos_03562,data\raw\aptos\train_images\hf_aptos_03562.png,0,aptos_hf,True,val
hf_aptos_03398,data\raw\aptos\train_images\hf_aptos_03398.png,0,aptos_hf,True,val
hf_aptos_02389,data\raw\aptos\train_images\hf_aptos_02389.png,0,aptos_hf,True,test
hf_aptos_01863,data\raw\aptos\train_images\hf_aptos_01863.png,4,aptos_hf,True,test
hf_aptos_00424,data\raw\aptos\train_images\hf_aptos_00424.png,0,aptos_hf,True,test
hf_aptos_03281,data\raw\aptos\train_images\hf_aptos_03281.png,0,aptos_hf,True,test
hf_aptos_01546,data\raw\aptos\train_images\hf_aptos_01546.png,4,aptos_hf,True,test
hf_aptos_01080,data\raw\aptos\train_images\hf_aptos_01080.png,0,aptos_hf,True,test
hf_aptos_01883,data\raw\aptos\train_images\hf_aptos_01883.png,0,aptos_hf,True,test
hf_aptos_00444,data\raw\aptos\train_images\hf_aptos_00444.png,2,aptos_hf,True,test
hf_aptos_02380,data\raw\aptos\train_images\hf_aptos_02380.png,2,aptos_hf,True,test
hf_aptos_00436,data\raw\aptos\train_images\hf_aptos_00436.png,0,aptos_hf,True,test
hf_aptos_01504,data\raw\aptos\train_images\hf_aptos_01504.png,0,aptos_hf,True,test
hf_aptos_00980,data\raw\aptos\train_images\hf_aptos_00980.png,0,aptos_hf,True,test
hf_aptos_01836,data\raw\aptos\train_images\hf_aptos_01836.png,0,aptos_hf,True,test
hf_aptos_01597,data\raw\aptos\train_images\hf_aptos_01597.png,4,aptos_hf,True,test
hf_aptos_02425,data\raw\aptos\train_images\hf_aptos_02425.png,2,aptos_hf,True,test
hf_aptos_00864,data\raw\aptos\train_images\hf_aptos_00864.png,2,aptos_hf,True,test
hf_aptos_01636,data\raw\aptos\train_images\hf_aptos_01636.png,1,aptos_hf,True,test
hf_aptos_02041,data\raw\aptos\train_images\hf_aptos_02041.png,4,aptos_hf,True,test
hf_aptos_03535,data\raw\aptos\train_images\hf_aptos_03535.png,2,aptos_hf,True,test
hf_aptos_02010,data\raw\aptos\train_images\hf_aptos_02010.png,2,aptos_hf,True,test
hf_aptos_02911,data\raw\aptos\train_images\hf_aptos_02911.png,1,aptos_hf,True,test
hf_aptos_03406,data\raw\aptos\train_images\hf_aptos_03406.png,0,aptos_hf,True,test
hf_aptos_02774,data\raw\aptos\train_images\hf_aptos_02774.png,2,aptos_hf,True,test
hf_aptos_03019,data\raw\aptos\train_images\hf_aptos_03019.png,0,aptos_hf,True,test
hf_aptos_02961,data\raw\aptos\train_images\hf_aptos_02961.png,4,aptos_hf,True,test
hf_aptos_03383,data\raw\aptos\train_images\hf_aptos_03383.png,4,aptos_hf,True,test
hf_aptos_01045,data\raw\aptos\train_images\hf_aptos_01045.png,1,aptos_hf,True,test
hf_aptos_01638,data\raw\aptos\train_images\hf_aptos_01638.png,0,aptos_hf,True,test
hf_aptos_02404,data\raw\aptos\train_images\hf_aptos_02404.png,0,aptos_hf,True,test
hf_aptos_01763,data\raw\aptos\train_images\hf_aptos_01763.png,4,aptos_hf,True,test
hf_aptos_01822,data\raw\aptos\train_images\hf_aptos_01822.png,0,aptos_hf,True,test
hf_aptos_02125,data\raw\aptos\train_images\hf_aptos_02125.png,0,aptos_hf,True,test
hf_aptos_02543,data\raw\aptos\train_images\hf_aptos_02543.png,3,aptos_hf,True,test
hf_aptos_01731,data\raw\aptos\train_images\hf_aptos_01731.png,0,aptos_hf,True,test
hf_aptos_02789,data\raw\aptos\train_images\hf_aptos_02789.png,3,aptos_hf,True,test
hf_aptos_02512,data\raw\aptos\train_images\hf_aptos_02512.png,0,aptos_hf,True,test
hf_aptos_00718,data\raw\aptos\train_images\hf_aptos_00718.png,0,aptos_hf,True,test
hf_aptos_01006,data\raw\aptos\train_images\hf_aptos_01006.png,0,aptos_hf,True,test
hf_aptos_00405,data\raw\aptos\train_images\hf_aptos_00405.png,0,aptos_hf,True,test
hf_aptos_02553,data\raw\aptos\train_images\hf_aptos_02553.png,0,aptos_hf,True,test
hf_aptos_03055,data\raw\aptos\train_images\hf_aptos_03055.png,0,aptos_hf,True,test
hf_aptos_00528,data\raw\aptos\train_images\hf_aptos_00528.png,4,aptos_hf,True,test
hf_aptos_03104,data\raw\aptos\train_images\hf_aptos_03104.png,0,aptos_hf,True,test
hf_aptos_01562,data\raw\aptos\train_images\hf_aptos_01562.png,0,aptos_hf,True,test
hf_aptos_01734,data\raw\aptos\train_images\hf_aptos_01734.png,3,aptos_hf,True,test
hf_aptos_01175,data\raw\aptos\train_images\hf_aptos_01175.png,2,aptos_hf,True,test
hf_aptos_03134,data\raw\aptos\train_images\hf_aptos_03134.png,0,aptos_hf,True,test
hf_aptos_00524,data\raw\aptos\train_images\hf_aptos_00524.png,1,aptos_hf,True,test
hf_aptos_00029,data\raw\aptos\train_images\hf_aptos_00029.png,0,aptos_hf,True,test
hf_aptos_00429,data\raw\aptos\train_images\hf_aptos_00429.png,0,aptos_hf,True,test
hf_aptos_01524,data\raw\aptos\train_images\hf_aptos_01524.png,0,aptos_hf,True,test
hf_aptos_00903,data\raw\aptos\train_images\hf_aptos_00903.png,0,aptos_hf,True,test
hf_aptos_00993,data\raw\aptos\train_images\hf_aptos_00993.png,0,aptos_hf,True,test
hf_aptos_03292,data\raw\aptos\train_images\hf_aptos_03292.png,0,aptos_hf,True,test
hf_aptos_03362,data\raw\aptos\train_images\hf_aptos_03362.png,0,aptos_hf,True,test
hf_aptos_01849,data\raw\aptos\train_images\hf_aptos_01849.png,1,aptos_hf,True,test
hf_aptos_03609,data\raw\aptos\train_images\hf_aptos_03609.png,2,aptos_hf,True,test
hf_aptos_01212,data\raw\aptos\train_images\hf_aptos_01212.png,0,aptos_hf,True,test
hf_aptos_03259,data\raw\aptos\train_images\hf_aptos_03259.png,0,aptos_hf,True,test
hf_aptos_01522,data\raw\aptos\train_images\hf_aptos_01522.png,2,aptos_hf,True,test
hf_aptos_00494,data\raw\aptos\train_images\hf_aptos_00494.png,0,aptos_hf,True,test
hf_aptos_01217,data\raw\aptos\train_images\hf_aptos_01217.png,0,aptos_hf,True,test
hf_aptos_01215,data\raw\aptos\train_images\hf_aptos_01215.png,0,aptos_hf,True,test
hf_aptos_03056,data\raw\aptos\train_images\hf_aptos_03056.png,0,aptos_hf,True,test
hf_aptos_02608,data\raw\aptos\train_images\hf_aptos_02608.png,0,aptos_hf,True,test
hf_aptos_01971,data\raw\aptos\train_images\hf_aptos_01971.png,3,aptos_hf,True,test
hf_aptos_03026,data\raw\aptos\train_images\hf_aptos_03026.png,0,aptos_hf,True,test
hf_aptos_03511,data\raw\aptos\train_images\hf_aptos_03511.png,0,aptos_hf,True,test
hf_aptos_02639,data\raw\aptos\train_images\hf_aptos_02639.png,0,aptos_hf,True,test
hf_aptos_00186,data\raw\aptos\train_images\hf_aptos_00186.png,2,aptos_hf,True,test
hf_aptos_01165,data\raw\aptos\train_images\hf_aptos_01165.png,0,aptos_hf,True,test
hf_aptos_01046,data\raw\aptos\train_images\hf_aptos_01046.png,0,aptos_hf,True,test
hf_aptos_02237,data\raw\aptos\train_images\hf_aptos_02237.png,2,aptos_hf,True,test
hf_aptos_02530,data\raw\aptos\train_images\hf_aptos_02530.png,1,aptos_hf,True,test
hf_aptos_01854,data\raw\aptos\train_images\hf_aptos_01854.png,2,aptos_hf,True,test
hf_aptos_02871,data\raw\aptos\train_images\hf_aptos_02871.png,0,aptos_hf,True,test
hf_aptos_01416,data\raw\aptos\train_images\hf_aptos_01416.png,0,aptos_hf,True,test
hf_aptos_02249,data\raw\aptos\train_images\hf_aptos_02249.png,0,aptos_hf,True,test
hf_aptos_01374,data\raw\aptos\train_images\hf_aptos_01374.png,0,aptos_hf,True,test
hf_aptos_03020,data\raw\aptos\train_images\hf_aptos_03020.png,2,aptos_hf,True,test
hf_aptos_00341,data\raw\aptos\train_images\hf_aptos_00341.png,3,aptos_hf,True,test
hf_aptos_02889,data\raw\aptos\train_images\hf_aptos_02889.png,2,aptos_hf,True,test
hf_aptos_00763,data\raw\aptos\train_images\hf_aptos_00763.png,2,aptos_hf,True,test
hf_aptos_03441,data\raw\aptos\train_images\hf_aptos_03441.png,0,aptos_hf,True,test
hf_aptos_03351,data\raw\aptos\train_images\hf_aptos_03351.png,0,aptos_hf,True,test
hf_aptos_02904,data\raw\aptos\train_images\hf_aptos_02904.png,0,aptos_hf,True,test
hf_aptos_02299,data\raw\aptos\train_images\hf_aptos_02299.png,2,aptos_hf,True,test
hf_aptos_03659,data\raw\aptos\train_images\hf_aptos_03659.png,2,aptos_hf,True,test
hf_aptos_00014,data\raw\aptos\train_images\hf_aptos_00014.png,1,aptos_hf,True,test
hf_aptos_02143,data\raw\aptos\train_images\hf_aptos_02143.png,0,aptos_hf,True,test
hf_aptos_02267,data\raw\aptos\train_images\hf_aptos_02267.png,2,aptos_hf,True,test
hf_aptos_00496,data\raw\aptos\train_images\hf_aptos_00496.png,2,aptos_hf,True,test
hf_aptos_03154,data\raw\aptos\train_images\hf_aptos_03154.png,0,aptos_hf,True,test
hf_aptos_01588,data\raw\aptos\train_images\hf_aptos_01588.png,2,aptos_hf,True,test
hf_aptos_02845,data\raw\aptos\train_images\hf_aptos_02845.png,0,aptos_hf,True,test
hf_aptos_02922,data\raw\aptos\train_images\hf_aptos_02922.png,0,aptos_hf,True,test
hf_aptos_02586,data\raw\aptos\train_images\hf_aptos_02586.png,4,aptos_hf,True,test
hf_aptos_03308,data\raw\aptos\train_images\hf_aptos_03308.png,2,aptos_hf,True,test
hf_aptos_00377,data\raw\aptos\train_images\hf_aptos_00377.png,2,aptos_hf,True,test
hf_aptos_01540,data\raw\aptos\train_images\hf_aptos_01540.png,1,aptos_hf,True,test
hf_aptos_00231,data\raw\aptos\train_images\hf_aptos_00231.png,0,aptos_hf,True,test
hf_aptos_00698,data\raw\aptos\train_images\hf_aptos_00698.png,1,aptos_hf,True,test
hf_aptos_01541,data\raw\aptos\train_images\hf_aptos_01541.png,0,aptos_hf,True,test
hf_aptos_01595,data\raw\aptos\train_images\hf_aptos_01595.png,0,aptos_hf,True,test
hf_aptos_02956,data\raw\aptos\train_images\hf_aptos_02956.png,0,aptos_hf,True,test
hf_aptos_00893,data\raw\aptos\train_images\hf_aptos_00893.png,2,aptos_hf,True,test
hf_aptos_00818,data\raw\aptos\train_images\hf_aptos_00818.png,3,aptos_hf,True,test
hf_aptos_00961,data\raw\aptos\train_images\hf_aptos_00961.png,2,aptos_hf,True,test
hf_aptos_02250,data\raw\aptos\train_images\hf_aptos_02250.png,2,aptos_hf,True,test
hf_aptos_02350,data\raw\aptos\train_images\hf_aptos_02350.png,2,aptos_hf,True,test
hf_aptos_01506,data\raw\aptos\train_images\hf_aptos_01506.png,0,aptos_hf,True,test
hf_aptos_02859,data\raw\aptos\train_images\hf_aptos_02859.png,0,aptos_hf,True,test
hf_aptos_01577,data\raw\aptos\train_images\hf_aptos_01577.png,2,aptos_hf,True,test
hf_aptos_00957,data\raw\aptos\train_images\hf_aptos_00957.png,2,aptos_hf,True,test
hf_aptos_01099,data\raw\aptos\train_images\hf_aptos_01099.png,0,aptos_hf,True,test
hf_aptos_01872,data\raw\aptos\train_images\hf_aptos_01872.png,0,aptos_hf,True,test
hf_aptos_02367,data\raw\aptos\train_images\hf_aptos_02367.png,4,aptos_hf,True,test
hf_aptos_02571,data\raw\aptos\train_images\hf_aptos_02571.png,2,aptos_hf,True,test
hf_aptos_02176,data\raw\aptos\train_images\hf_aptos_02176.png,0,aptos_hf,True,test
hf_aptos_03446,data\raw\aptos\train_images\hf_aptos_03446.png,0,aptos_hf,True,test
hf_aptos_02786,data\raw\aptos\train_images\hf_aptos_02786.png,0,aptos_hf,True,test
hf_aptos_03328,data\raw\aptos\train_images\hf_aptos_03328.png,2,aptos_hf,True,test
hf_aptos_02965,data\raw\aptos\train_images\hf_aptos_02965.png,0,aptos_hf,True,test
hf_aptos_00931,data\raw\aptos\train_images\hf_aptos_00931.png,3,aptos_hf,True,test
hf_aptos_00844,data\raw\aptos\train_images\hf_aptos_00844.png,0,aptos_hf,True,test
hf_aptos_02236,data\raw\aptos\train_images\hf_aptos_02236.png,0,aptos_hf,True,test
hf_aptos_03286,data\raw\aptos\train_images\hf_aptos_03286.png,0,aptos_hf,True,test
hf_aptos_03005,data\raw\aptos\train_images\hf_aptos_03005.png,0,aptos_hf,True,test
hf_aptos_00264,data\raw\aptos\train_images\hf_aptos_00264.png,2,aptos_hf,True,test
hf_aptos_00695,data\raw\aptos\train_images\hf_aptos_00695.png,0,aptos_hf,True,test
hf_aptos_03224,data\raw\aptos\train_images\hf_aptos_03224.png,2,aptos_hf,True,test
hf_aptos_00678,data\raw\aptos\train_images\hf_aptos_00678.png,2,aptos_hf,True,test
hf_aptos_02828,data\raw\aptos\train_images\hf_aptos_02828.png,2,aptos_hf,True,test
hf_aptos_00194,data\raw\aptos\train_images\hf_aptos_00194.png,0,aptos_hf,True,test
hf_aptos_03425,data\raw\aptos\train_images\hf_aptos_03425.png,4,aptos_hf,True,test
hf_aptos_02014,data\raw\aptos\train_images\hf_aptos_02014.png,0,aptos_hf,True,test
hf_aptos_03553,data\raw\aptos\train_images\hf_aptos_03553.png,1,aptos_hf,True,test
hf_aptos_00936,data\raw\aptos\train_images\hf_aptos_00936.png,2,aptos_hf,True,test
hf_aptos_00140,data\raw\aptos\train_images\hf_aptos_00140.png,0,aptos_hf,True,test
hf_aptos_01606,data\raw\aptos\train_images\hf_aptos_01606.png,1,aptos_hf,True,test
hf_aptos_00057,data\raw\aptos\train_images\hf_aptos_00057.png,0,aptos_hf,True,test
hf_aptos_00403,data\raw\aptos\train_images\hf_aptos_00403.png,0,aptos_hf,True,test
hf_aptos_01379,data\raw\aptos\train_images\hf_aptos_01379.png,0,aptos_hf,True,test
hf_aptos_01186,data\raw\aptos\train_images\hf_aptos_01186.png,2,aptos_hf,True,test
hf_aptos_00277,data\raw\aptos\train_images\hf_aptos_00277.png,0,aptos_hf,True,test
hf_aptos_03271,data\raw\aptos\train_images\hf_aptos_03271.png,3,aptos_hf,True,test
hf_aptos_00938,data\raw\aptos\train_images\hf_aptos_00938.png,2,aptos_hf,True,test
hf_aptos_00588,data\raw\aptos\train_images\hf_aptos_00588.png,0,aptos_hf,True,test
hf_aptos_00690,data\raw\aptos\train_images\hf_aptos_00690.png,0,aptos_hf,True,test
hf_aptos_01653,data\raw\aptos\train_images\hf_aptos_01653.png,0,aptos_hf,True,test
hf_aptos_02395,data\raw\aptos\train_images\hf_aptos_02395.png,2,aptos_hf,True,test
hf_aptos_00833,data\raw\aptos\train_images\hf_aptos_00833.png,0,aptos_hf,True,test
hf_aptos_03147,data\raw\aptos\train_images\hf_aptos_03147.png,0,aptos_hf,True,test
hf_aptos_03045,data\raw\aptos\train_images\hf_aptos_03045.png,2,aptos_hf,True,test
hf_aptos_00606,data\raw\aptos\train_images\hf_aptos_00606.png,0,aptos_hf,True,test
hf_aptos_01060,data\raw\aptos\train_images\hf_aptos_01060.png,4,aptos_hf,True,test
hf_aptos_02294,data\raw\aptos\train_images\hf_aptos_02294.png,0,aptos_hf,True,test
hf_aptos_01214,data\raw\aptos\train_images\hf_aptos_01214.png,0,aptos_hf,True,test
hf_aptos_01634,data\raw\aptos\train_images\hf_aptos_01634.png,0,aptos_hf,True,test
hf_aptos_02092,data\raw\aptos\train_images\hf_aptos_02092.png,1,aptos_hf,True,test
hf_aptos_02881,data\raw\aptos\train_images\hf_aptos_02881.png,2,aptos_hf,True,test
hf_aptos_02524,data\raw\aptos\train_images\hf_aptos_02524.png,0,aptos_hf,True,test
hf_aptos_00351,data\raw\aptos\train_images\hf_aptos_00351.png,0,aptos_hf,True,test
hf_aptos_03242,data\raw\aptos\train_images\hf_aptos_03242.png,2,aptos_hf,True,test
hf_aptos_03239,data\raw\aptos\train_images\hf_aptos_03239.png,0,aptos_hf,True,test
hf_aptos_00552,data\raw\aptos\train_images\hf_aptos_00552.png,2,aptos_hf,True,test
hf_aptos_01466,data\raw\aptos\train_images\hf_aptos_01466.png,2,aptos_hf,True,test
hf_aptos_03426,data\raw\aptos\train_images\hf_aptos_03426.png,2,aptos_hf,True,test
hf_aptos_00133,data\raw\aptos\train_images\hf_aptos_00133.png,2,aptos_hf,True,test
hf_aptos_01425,data\raw\aptos\train_images\hf_aptos_01425.png,0,aptos_hf,True,test
hf_aptos_02896,data\raw\aptos\train_images\hf_aptos_02896.png,1,aptos_hf,True,test
hf_aptos_01256,data\raw\aptos\train_images\hf_aptos_01256.png,2,aptos_hf,True,test
hf_aptos_00632,data\raw\aptos\train_images\hf_aptos_00632.png,0,aptos_hf,True,test
hf_aptos_00614,data\raw\aptos\train_images\hf_aptos_00614.png,0,aptos_hf,True,test
hf_aptos_01306,data\raw\aptos\train_images\hf_aptos_01306.png,1,aptos_hf,True,test
hf_aptos_01549,data\raw\aptos\train_images\hf_aptos_01549.png,4,aptos_hf,True,test
hf_aptos_02908,data\raw\aptos\train_images\hf_aptos_02908.png,0,aptos_hf,True,test
hf_aptos_02403,data\raw\aptos\train_images\hf_aptos_02403.png,4,aptos_hf,True,test
hf_aptos_02814,data\raw\aptos\train_images\hf_aptos_02814.png,0,aptos_hf,True,test
hf_aptos_00640,data\raw\aptos\train_images\hf_aptos_00640.png,0,aptos_hf,True,test
hf_aptos_00757,data\raw\aptos\train_images\hf_aptos_00757.png,1,aptos_hf,True,test
hf_aptos_00671,data\raw\aptos\train_images\hf_aptos_00671.png,4,aptos_hf,True,test
hf_aptos_01507,data\raw\aptos\train_images\hf_aptos_01507.png,4,aptos_hf,True,test
hf_aptos_00367,data\raw\aptos\train_images\hf_aptos_00367.png,1,aptos_hf,True,test
hf_aptos_00883,data\raw\aptos\train_images\hf_aptos_00883.png,0,aptos_hf,True,test
hf_aptos_01686,data\raw\aptos\train_images\hf_aptos_01686.png,2,aptos_hf,True,test
hf_aptos_01654,data\raw\aptos\train_images\hf_aptos_01654.png,0,aptos_hf,True,test
hf_aptos_03491,data\raw\aptos\train_images\hf_aptos_03491.png,0,aptos_hf,True,test
hf_aptos_01886,data\raw\aptos\train_images\hf_aptos_01886.png,4,aptos_hf,True,test
hf_aptos_02216,data\raw\aptos\train_images\hf_aptos_02216.png,0,aptos_hf,True,test
hf_aptos_00970,data\raw\aptos\train_images\hf_aptos_00970.png,2,aptos_hf,True,test
hf_aptos_02817,data\raw\aptos\train_images\hf_aptos_02817.png,0,aptos_hf,True,test
hf_aptos_03250,data\raw\aptos\train_images\hf_aptos_03250.png,3,aptos_hf,True,test
hf_aptos_03526,data\raw\aptos\train_images\hf_aptos_03526.png,0,aptos_hf,True,test
hf_aptos_01704,data\raw\aptos\train_images\hf_aptos_01704.png,0,aptos_hf,True,test
hf_aptos_03067,data\raw\aptos\train_images\hf_aptos_03067.png,0,aptos_hf,True,test
hf_aptos_00926,data\raw\aptos\train_images\hf_aptos_00926.png,3,aptos_hf,True,test
hf_aptos_01002,data\raw\aptos\train_images\hf_aptos_01002.png,0,aptos_hf,True,test
hf_aptos_02951,data\raw\aptos\train_images\hf_aptos_02951.png,0,aptos_hf,True,test
hf_aptos_01202,data\raw\aptos\train_images\hf_aptos_01202.png,0,aptos_hf,True,test
hf_aptos_02333,data\raw\aptos\train_images\hf_aptos_02333.png,0,aptos_hf,True,test
hf_aptos_03092,data\raw\aptos\train_images\hf_aptos_03092.png,0,aptos_hf,True,test
hf_aptos_00817,data\raw\aptos\train_images\hf_aptos_00817.png,0,aptos_hf,True,test
hf_aptos_00400,data\raw\aptos\train_images\hf_aptos_00400.png,0,aptos_hf,True,test
hf_aptos_01053,data\raw\aptos\train_images\hf_aptos_01053.png,2,aptos_hf,True,test
hf_aptos_02080,data\raw\aptos\train_images\hf_aptos_02080.png,2,aptos_hf,True,test
hf_aptos_01319,data\raw\aptos\train_images\hf_aptos_01319.png,1,aptos_hf,True,test
hf_aptos_00094,data\raw\aptos\train_images\hf_aptos_00094.png,0,aptos_hf,True,test
hf_aptos_01421,data\raw\aptos\train_images\hf_aptos_01421.png,4,aptos_hf,True,test
hf_aptos_00567,data\raw\aptos\train_images\hf_aptos_00567.png,2,aptos_hf,True,test
hf_aptos_00536,data\raw\aptos\train_images\hf_aptos_00536.png,0,aptos_hf,True,test
hf_aptos_02346,data\raw\aptos\train_images\hf_aptos_02346.png,2,aptos_hf,True,test
hf_aptos_01353,data\raw\aptos\train_images\hf_aptos_01353.png,0,aptos_hf,True,test
hf_aptos_01295,data\raw\aptos\train_images\hf_aptos_01295.png,0,aptos_hf,True,test
hf_aptos_02588,data\raw\aptos\train_images\hf_aptos_02588.png,0,aptos_hf,True,test
hf_aptos_00255,data\raw\aptos\train_images\hf_aptos_00255.png,2,aptos_hf,True,test
hf_aptos_02550,data\raw\aptos\train_images\hf_aptos_02550.png,0,aptos_hf,True,test
hf_aptos_00998,data\raw\aptos\train_images\hf_aptos_00998.png,2,aptos_hf,True,test
hf_aptos_01993,data\raw\aptos\train_images\hf_aptos_01993.png,4,aptos_hf,True,test
hf_aptos_02257,data\raw\aptos\train_images\hf_aptos_02257.png,0,aptos_hf,True,test
hf_aptos_02901,data\raw\aptos\train_images\hf_aptos_02901.png,0,aptos_hf,True,test
hf_aptos_01133,data\raw\aptos\train_images\hf_aptos_01133.png,0,aptos_hf,True,test
hf_aptos_03245,data\raw\aptos\train_images\hf_aptos_03245.png,0,aptos_hf,True,test
hf_aptos_00419,data\raw\aptos\train_images\hf_aptos_00419.png,0,aptos_hf,True,test
hf_aptos_02876,data\raw\aptos\train_images\hf_aptos_02876.png,3,aptos_hf,True,test
hf_aptos_01853,data\raw\aptos\train_images\hf_aptos_01853.png,0,aptos_hf,True,test
hf_aptos_01906,data\raw\aptos\train_images\hf_aptos_01906.png,2,aptos_hf,True,test
hf_aptos_02133,data\raw\aptos\train_images\hf_aptos_02133.png,0,aptos_hf,True,test
hf_aptos_01090,data\raw\aptos\train_images\hf_aptos_01090.png,0,aptos_hf,True,test
hf_aptos_01940,data\raw\aptos\train_images\hf_aptos_01940.png,2,aptos_hf,True,test
hf_aptos_03653,data\raw\aptos\train_images\hf_aptos_03653.png,0,aptos_hf,True,test
hf_aptos_00828,data\raw\aptos\train_images\hf_aptos_00828.png,0,aptos_hf,True,test
hf_aptos_03088,data\raw\aptos\train_images\hf_aptos_03088.png,0,aptos_hf,True,test
hf_aptos_02461,data\raw\aptos\train_images\hf_aptos_02461.png,0,aptos_hf,True,test
hf_aptos_03169,data\raw\aptos\train_images\hf_aptos_03169.png,3,aptos_hf,True,test
hf_aptos_02321,data\raw\aptos\train_images\hf_aptos_02321.png,1,aptos_hf,True,test
hf_aptos_03390,data\raw\aptos\train_images\hf_aptos_03390.png,2,aptos_hf,True,test
hf_aptos_01276,data\raw\aptos\train_images\hf_aptos_01276.png,1,aptos_hf,True,test
hf_aptos_03481,data\raw\aptos\train_images\hf_aptos_03481.png,0,aptos_hf,True,test
hf_aptos_00095,data\raw\aptos\train_images\hf_aptos_00095.png,1,aptos_hf,True,test
hf_aptos_00055,data\raw\aptos\train_images\hf_aptos_00055.png,0,aptos_hf,True,test
hf_aptos_02788,data\raw\aptos\train_images\hf_aptos_02788.png,1,aptos_hf,True,test
hf_aptos_01344,data\raw\aptos\train_images\hf_aptos_01344.png,0,aptos_hf,True,test
hf_aptos_01022,data\raw\aptos\train_images\hf_aptos_01022.png,0,aptos_hf,True,test
hf_aptos_01817,data\raw\aptos\train_images\hf_aptos_01817.png,2,aptos_hf,True,test
hf_aptos_02873,data\raw\aptos\train_images\hf_aptos_02873.png,1,aptos_hf,True,test
hf_aptos_02050,data\raw\aptos\train_images\hf_aptos_02050.png,0,aptos_hf,True,test
hf_aptos_02262,data\raw\aptos\train_images\hf_aptos_02262.png,2,aptos_hf,True,test
hf_aptos_01149,data\raw\aptos\train_images\hf_aptos_01149.png,3,aptos_hf,True,test
hf_aptos_03534,data\raw\aptos\train_images\hf_aptos_03534.png,2,aptos_hf,True,test
hf_aptos_01804,data\raw\aptos\train_images\hf_aptos_01804.png,0,aptos_hf,True,test
hf_aptos_03373,data\raw\aptos\train_images\hf_aptos_03373.png,2,aptos_hf,True,test
hf_aptos_01685,data\raw\aptos\train_images\hf_aptos_01685.png,0,aptos_hf,True,test
hf_aptos_03149,data\raw\aptos\train_images\hf_aptos_03149.png,0,aptos_hf,True,test
hf_aptos_01131,data\raw\aptos\train_images\hf_aptos_01131.png,1,aptos_hf,True,test
hf_aptos_00830,data\raw\aptos\train_images\hf_aptos_00830.png,0,aptos_hf,True,test
hf_aptos_03265,data\raw\aptos\train_images\hf_aptos_03265.png,0,aptos_hf,True,test
hf_aptos_03657,data\raw\aptos\train_images\hf_aptos_03657.png,2,aptos_hf,True,test
hf_aptos_01146,data\raw\aptos\train_images\hf_aptos_01146.png,1,aptos_hf,True,test
hf_aptos_02001,data\raw\aptos\train_images\hf_aptos_02001.png,0,aptos_hf,True,test
hf_aptos_01387,data\raw\aptos\train_images\hf_aptos_01387.png,0,aptos_hf,True,test
hf_aptos_03575,data\raw\aptos\train_images\hf_aptos_03575.png,0,aptos_hf,True,test
hf_aptos_00741,data\raw\aptos\train_images\hf_aptos_00741.png,0,aptos_hf,True,test
hf_aptos_01492,data\raw\aptos\train_images\hf_aptos_01492.png,3,aptos_hf,True,test
hf_aptos_02025,data\raw\aptos\train_images\hf_aptos_02025.png,0,aptos_hf,True,test
hf_aptos_00829,data\raw\aptos\train_images\hf_aptos_00829.png,2,aptos_hf,True,test
hf_aptos_00213,data\raw\aptos\train_images\hf_aptos_00213.png,2,aptos_hf,True,test
hf_aptos_02562,data\raw\aptos\train_images\hf_aptos_02562.png,1,aptos_hf,True,test
hf_aptos_02987,data\raw\aptos\train_images\hf_aptos_02987.png,1,aptos_hf,True,test
hf_aptos_00996,data\raw\aptos\train_images\hf_aptos_00996.png,2,aptos_hf,True,test
hf_aptos_03423,data\raw\aptos\train_images\hf_aptos_03423.png,2,aptos_hf,True,test
hf_aptos_03397,data\raw\aptos\train_images\hf_aptos_03397.png,1,aptos_hf,True,test
hf_aptos_02310,data\raw\aptos\train_images\hf_aptos_02310.png,0,aptos_hf,True,test
hf_aptos_00469,data\raw\aptos\train_images\hf_aptos_00469.png,4,aptos_hf,True,test
hf_aptos_00699,data\raw\aptos\train_images\hf_aptos_00699.png,4,aptos_hf,True,test
hf_aptos_01604,data\raw\aptos\train_images\hf_aptos_01604.png,2,aptos_hf,True,test
hf_aptos_01161,data\raw\aptos\train_images\hf_aptos_01161.png,2,aptos_hf,True,test
hf_aptos_01209,data\raw\aptos\train_images\hf_aptos_01209.png,3,aptos_hf,True,test
hf_aptos_03105,data\raw\aptos\train_images\hf_aptos_03105.png,2,aptos_hf,True,test
hf_aptos_02499,data\raw\aptos\train_images\hf_aptos_02499.png,0,aptos_hf,True,test
hf_aptos_00643,data\raw\aptos\train_images\hf_aptos_00643.png,0,aptos_hf,True,test
hf_aptos_02393,data\raw\aptos\train_images\hf_aptos_02393.png,1,aptos_hf,True,test
hf_aptos_02401,data\raw\aptos\train_images\hf_aptos_02401.png,2,aptos_hf,True,test
hf_aptos_00492,data\raw\aptos\train_images\hf_aptos_00492.png,2,aptos_hf,True,test
hf_aptos_02009,data\raw\aptos\train_images\hf_aptos_02009.png,0,aptos_hf,True,test
hf_aptos_02462,data\raw\aptos\train_images\hf_aptos_02462.png,0,aptos_hf,True,test
hf_aptos_01287,data\raw\aptos\train_images\hf_aptos_01287.png,2,aptos_hf,True,test
hf_aptos_00220,data\raw\aptos\train_images\hf_aptos_00220.png,1,aptos_hf,True,test
hf_aptos_02355,data\raw\aptos\train_images\hf_aptos_02355.png,2,aptos_hf,True,test
hf_aptos_00852,data\raw\aptos\train_images\hf_aptos_00852.png,0,aptos_hf,True,test
hf_aptos_01267,data\raw\aptos\train_images\hf_aptos_01267.png,2,aptos_hf,True,test
hf_aptos_03091,data\raw\aptos\train_images\hf_aptos_03091.png,0,aptos_hf,True,test
hf_aptos_00781,data\raw\aptos\train_images\hf_aptos_00781.png,1,aptos_hf,True,test
hf_aptos_00201,data\raw\aptos\train_images\hf_aptos_00201.png,0,aptos_hf,True,test
hf_aptos_03117,data\raw\aptos\train_images\hf_aptos_03117.png,0,aptos_hf,True,test
hf_aptos_02742,data\raw\aptos\train_images\hf_aptos_02742.png,0,aptos_hf,True,test
hf_aptos_01309,data\raw\aptos\train_images\hf_aptos_01309.png,0,aptos_hf,True,test
hf_aptos_00507,data\raw\aptos\train_images\hf_aptos_00507.png,2,aptos_hf,True,test
hf_aptos_00879,data\raw\aptos\train_images\hf_aptos_00879.png,2,aptos_hf,True,test
hf_aptos_01094,data\raw\aptos\train_images\hf_aptos_01094.png,1,aptos_hf,True,test
hf_aptos_01703,data\raw\aptos\train_images\hf_aptos_01703.png,0,aptos_hf,True,test
hf_aptos_00364,data\raw\aptos\train_images\hf_aptos_00364.png,2,aptos_hf,True,test
hf_aptos_02117,data\raw\aptos\train_images\hf_aptos_02117.png,0,aptos_hf,True,test
hf_aptos_00228,data\raw\aptos\train_images\hf_aptos_00228.png,2,aptos_hf,True,test
hf_aptos_02338,data\raw\aptos\train_images\hf_aptos_02338.png,2,aptos_hf,True,test
hf_aptos_00952,data\raw\aptos\train_images\hf_aptos_00952.png,4,aptos_hf,True,test
hf_aptos_03605,data\raw\aptos\train_images\hf_aptos_03605.png,0,aptos_hf,True,test
hf_aptos_00378,data\raw\aptos\train_images\hf_aptos_00378.png,4,aptos_hf,True,test
hf_aptos_02609,data\raw\aptos\train_images\hf_aptos_02609.png,4,aptos_hf,True,test
hf_aptos_01055,data\raw\aptos\train_images\hf_aptos_01055.png,3,aptos_hf,True,test
hf_aptos_01382,data\raw\aptos\train_images\hf_aptos_01382.png,0,aptos_hf,True,test
hf_aptos_01243,data\raw\aptos\train_images\hf_aptos_01243.png,0,aptos_hf,True,test
hf_aptos_03430,data\raw\aptos\train_images\hf_aptos_03430.png,2,aptos_hf,True,test
hf_aptos_01958,data\raw\aptos\train_images\hf_aptos_01958.png,2,aptos_hf,True,test
hf_aptos_02771,data\raw\aptos\train_images\hf_aptos_02771.png,0,aptos_hf,True,test
hf_aptos_00402,data\raw\aptos\train_images\hf_aptos_00402.png,2,aptos_hf,True,test
hf_aptos_00269,data\raw\aptos\train_images\hf_aptos_00269.png,2,aptos_hf,True,test
hf_aptos_00180,data\raw\aptos\train_images\hf_aptos_00180.png,0,aptos_hf,True,test
hf_aptos_01481,data\raw\aptos\train_images\hf_aptos_01481.png,0,aptos_hf,True,test
hf_aptos_03137,data\raw\aptos\train_images\hf_aptos_03137.png,0,aptos_hf,True,test
hf_aptos_01557,data\raw\aptos\train_images\hf_aptos_01557.png,0,aptos_hf,True,test
hf_aptos_01609,data\raw\aptos\train_images\hf_aptos_01609.png,0,aptos_hf,True,test
hf_aptos_02627,data\raw\aptos\train_images\hf_aptos_02627.png,0,aptos_hf,True,test
hf_aptos_01371,data\raw\aptos\train_images\hf_aptos_01371.png,0,aptos_hf,True,test
hf_aptos_02152,data\raw\aptos\train_images\hf_aptos_02152.png,2,aptos_hf,True,test
hf_aptos_00815,data\raw\aptos\train_images\hf_aptos_00815.png,4,aptos_hf,True,test
hf_aptos_00682,data\raw\aptos\train_images\hf_aptos_00682.png,2,aptos_hf,True,test
hf_aptos_00794,data\raw\aptos\train_images\hf_aptos_00794.png,1,aptos_hf,True,test
hf_aptos_01648,data\raw\aptos\train_images\hf_aptos_01648.png,3,aptos_hf,True,test
hf_aptos_00120,data\raw\aptos\train_images\hf_aptos_00120.png,3,aptos_hf,True,test
hf_aptos_00779,data\raw\aptos\train_images\hf_aptos_00779.png,4,aptos_hf,True,test
hf_aptos_01320,data\raw\aptos\train_images\hf_aptos_01320.png,0,aptos_hf,True,test
hf_aptos_00004,data\raw\aptos\train_images\hf_aptos_00004.png,0,aptos_hf,True,test
hf_aptos_03234,data\raw\aptos\train_images\hf_aptos_03234.png,0,aptos_hf,True,test
hf_aptos_01928,data\raw\aptos\train_images\hf_aptos_01928.png,2,aptos_hf,True,test
hf_aptos_02354,data\raw\aptos\train_images\hf_aptos_02354.png,0,aptos_hf,True,test
hf_aptos_01505,data\raw\aptos\train_images\hf_aptos_01505.png,2,aptos_hf,True,test
hf_aptos_03274,data\raw\aptos\train_images\hf_aptos_03274.png,2,aptos_hf,True,test
hf_aptos_00343,data\raw\aptos\train_images\hf_aptos_00343.png,3,aptos_hf,True,test
hf_aptos_03379,data\raw\aptos\train_images\hf_aptos_03379.png,0,aptos_hf,True,test
hf_aptos_01598,data\raw\aptos\train_images\hf_aptos_01598.png,0,aptos_hf,True,test
hf_aptos_02316,data\raw\aptos\train_images\hf_aptos_02316.png,2,aptos_hf,True,test
hf_aptos_00302,data\raw\aptos\train_images\hf_aptos_00302.png,0,aptos_hf,True,test
hf_aptos_03260,data\raw\aptos\train_images\hf_aptos_03260.png,1,aptos_hf,True,test
hf_aptos_01511,data\raw\aptos\train_images\hf_aptos_01511.png,0,aptos_hf,True,test
hf_aptos_01768,data\raw\aptos\train_images\hf_aptos_01768.png,0,aptos_hf,True,test
hf_aptos_01184,data\raw\aptos\train_images\hf_aptos_01184.png,2,aptos_hf,True,test
hf_aptos_02544,data\raw\aptos\train_images\hf_aptos_02544.png,2,aptos_hf,True,test
hf_aptos_02325,data\raw\aptos\train_images\hf_aptos_02325.png,2,aptos_hf,True,test
hf_aptos_00842,data\raw\aptos\train_images\hf_aptos_00842.png,0,aptos_hf,True,test
hf_aptos_03155,data\raw\aptos\train_images\hf_aptos_03155.png,0,aptos_hf,True,test
hf_aptos_02570,data\raw\aptos\train_images\hf_aptos_02570.png,0,aptos_hf,True,test
hf_aptos_02185,data\raw\aptos\train_images\hf_aptos_02185.png,0,aptos_hf,True,test
hf_aptos_01484,data\raw\aptos\train_images\hf_aptos_01484.png,2,aptos_hf,True,test
hf_aptos_03499,data\raw\aptos\train_images\hf_aptos_03499.png,2,aptos_hf,True,test
hf_aptos_00877,data\raw\aptos\train_images\hf_aptos_00877.png,4,aptos_hf,True,test
hf_aptos_03400,data\raw\aptos\train_images\hf_aptos_03400.png,0,aptos_hf,True,test
hf_aptos_01850,data\raw\aptos\train_images\hf_aptos_01850.png,4,aptos_hf,True,test
hf_aptos_01439,data\raw\aptos\train_images\hf_aptos_01439.png,2,aptos_hf,True,test
hf_aptos_00256,data\raw\aptos\train_images\hf_aptos_00256.png,0,aptos_hf,True,test
hf_aptos_00259,data\raw\aptos\train_images\hf_aptos_00259.png,0,aptos_hf,True,test
hf_aptos_02369,data\raw\aptos\train_images\hf_aptos_02369.png,0,aptos_hf,True,test
hf_aptos_00513,data\raw\aptos\train_images\hf_aptos_00513.png,3,aptos_hf,True,test
hf_aptos_02875,data\raw\aptos\train_images\hf_aptos_02875.png,0,aptos_hf,True,test
hf_aptos_03573,data\raw\aptos\train_images\hf_aptos_03573.png,0,aptos_hf,True,test
hf_aptos_02972,data\raw\aptos\train_images\hf_aptos_02972.png,0,aptos_hf,True,test
hf_aptos_01468,data\raw\aptos\train_images\hf_aptos_01468.png,0,aptos_hf,True,test
hf_aptos_02060,data\raw\aptos\train_images\hf_aptos_02060.png,0,aptos_hf,True,test
hf_aptos_00868,data\raw\aptos\train_images\hf_aptos_00868.png,0,aptos_hf,True,test
hf_aptos_02894,data\raw\aptos\train_images\hf_aptos_02894.png,1,aptos_hf,True,test
hf_aptos_00083,data\raw\aptos\train_images\hf_aptos_00083.png,0,aptos_hf,True,test
hf_aptos_00872,data\raw\aptos\train_images\hf_aptos_00872.png,3,aptos_hf,True,test
hf_aptos_02752,data\raw\aptos\train_images\hf_aptos_02752.png,0,aptos_hf,True,test
hf_aptos_02205,data\raw\aptos\train_images\hf_aptos_02205.png,2,aptos_hf,True,test
hf_aptos_01679,data\raw\aptos\train_images\hf_aptos_01679.png,0,aptos_hf,True,test
hf_aptos_01356,data\raw\aptos\train_images\hf_aptos_01356.png,2,aptos_hf,True,test
hf_aptos_00562,data\raw\aptos\train_images\hf_aptos_00562.png,1,aptos_hf,True,test
hf_aptos_00181,data\raw\aptos\train_images\hf_aptos_00181.png,2,aptos_hf,True,test
hf_aptos_02605,data\raw\aptos\train_images\hf_aptos_02605.png,0,aptos_hf,True,test
hf_aptos_00109,data\raw\aptos\train_images\hf_aptos_00109.png,1,aptos_hf,True,test
hf_aptos_02656,data\raw\aptos\train_images\hf_aptos_02656.png,0,aptos_hf,True,test
hf_aptos_02349,data\raw\aptos\train_images\hf_aptos_02349.png,0,aptos_hf,True,test
hf_aptos_02975,data\raw\aptos\train_images\hf_aptos_02975.png,2,aptos_hf,True,test
hf_aptos_03620,data\raw\aptos\train_images\hf_aptos_03620.png,4,aptos_hf,True,test
hf_aptos_02139,data\raw\aptos\train_images\hf_aptos_02139.png,0,aptos_hf,True,test
hf_aptos_01957,data\raw\aptos\train_images\hf_aptos_01957.png,1,aptos_hf,True,test
hf_aptos_01462,data\raw\aptos\train_images\hf_aptos_01462.png,0,aptos_hf,True,test
hf_aptos_02197,data\raw\aptos\train_images\hf_aptos_02197.png,0,aptos_hf,True,test
hf_aptos_02807,data\raw\aptos\train_images\hf_aptos_02807.png,2,aptos_hf,True,test
hf_aptos_02277,data\raw\aptos\train_images\hf_aptos_02277.png,2,aptos_hf,True,test
hf_aptos_01837,data\raw\aptos\train_images\hf_aptos_01837.png,0,aptos_hf,True,test
hf_aptos_02913,data\raw\aptos\train_images\hf_aptos_02913.png,1,aptos_hf,True,test
hf_aptos_03279,data\raw\aptos\train_images\hf_aptos_03279.png,4,aptos_hf,True,test
hf_aptos_02587,data\raw\aptos\train_images\hf_aptos_02587.png,4,aptos_hf,True,test
hf_aptos_02607,data\raw\aptos\train_images\hf_aptos_02607.png,0,aptos_hf,True,test
hf_aptos_01806,data\raw\aptos\train_images\hf_aptos_01806.png,0,aptos_hf,True,test
hf_aptos_02689,data\raw\aptos\train_images\hf_aptos_02689.png,0,aptos_hf,True,test
hf_aptos_00887,data\raw\aptos\train_images\hf_aptos_00887.png,2,aptos_hf,True,test
hf_aptos_03437,data\raw\aptos\train_images\hf_aptos_03437.png,1,aptos_hf,True,test
hf_aptos_02486,data\raw\aptos\train_images\hf_aptos_02486.png,2,aptos_hf,True,test
hf_aptos_01383,data\raw\aptos\train_images\hf_aptos_01383.png,0,aptos_hf,True,test
hf_aptos_02924,data\raw\aptos\train_images\hf_aptos_02924.png,1,aptos_hf,True,test
hf_aptos_00549,data\raw\aptos\train_images\hf_aptos_00549.png,0,aptos_hf,True,test
hf_aptos_02132,data\raw\aptos\train_images\hf_aptos_02132.png,0,aptos_hf,True,test
hf_aptos_03480,data\raw\aptos\train_images\hf_aptos_03480.png,2,aptos_hf,True,test
hf_aptos_02406,data\raw\aptos\train_images\hf_aptos_02406.png,0,aptos_hf,True,test
hf_aptos_03416,data\raw\aptos\train_images\hf_aptos_03416.png,0,aptos_hf,True,test
hf_aptos_01813,data\raw\aptos\train_images\hf_aptos_01813.png,0,aptos_hf,True,test
hf_aptos_03587,data\raw\aptos\train_images\hf_aptos_03587.png,2,aptos_hf,True,test
hf_aptos_02651,data\raw\aptos\train_images\hf_aptos_02651.png,0,aptos_hf,True,test
hf_aptos_01759,data\raw\aptos\train_images\hf_aptos_01759.png,0,aptos_hf,True,test
hf_aptos_00816,data\raw\aptos\train_images\hf_aptos_00816.png,0,aptos_hf,True,test
hf_aptos_00694,data\raw\aptos\train_images\hf_aptos_00694.png,3,aptos_hf,True,test
hf_aptos_02255,data\raw\aptos\train_images\hf_aptos_02255.png,1,aptos_hf,True,test
hf_aptos_00437,data\raw\aptos\train_images\hf_aptos_00437.png,0,aptos_hf,True,test
hf_aptos_02820,data\raw\aptos\train_images\hf_aptos_02820.png,0,aptos_hf,True,test
hf_aptos_03603,data\raw\aptos\train_images\hf_aptos_03603.png,2,aptos_hf,True,test
hf_aptos_03449,data\raw\aptos\train_images\hf_aptos_03449.png,0,aptos_hf,True,test
hf_aptos_02899,data\raw\aptos\train_images\hf_aptos_02899.png,0,aptos_hf,True,test
hf_aptos_00533,data\raw\aptos\train_images\hf_aptos_00533.png,2,aptos_hf,True,test
hf_aptos_02082,data\raw\aptos\train_images\hf_aptos_02082.png,2,aptos_hf,True,test
hf_aptos_02043,data\raw\aptos\train_images\hf_aptos_02043.png,0,aptos_hf,True,test
hf_aptos_01780,data\raw\aptos\train_images\hf_aptos_01780.png,0,aptos_hf,True,test
hf_aptos_00198,data\raw\aptos\train_images\hf_aptos_00198.png,1,aptos_hf,True,test
hf_aptos_03219,data\raw\aptos\train_images\hf_aptos_03219.png,0,aptos_hf,True,test
hf_aptos_03492,data\raw\aptos\train_images\hf_aptos_03492.png,0,aptos_hf,True,test
hf_aptos_00457,data\raw\aptos\train_images\hf_aptos_00457.png,0,aptos_hf,True,test
hf_aptos_00185,data\raw\aptos\train_images\hf_aptos_00185.png,0,aptos_hf,True,test
hf_aptos_03524,data\raw\aptos\train_images\hf_aptos_03524.png,3,aptos_hf,True,test
hf_aptos_02204,data\raw\aptos\train_images\hf_aptos_02204.png,0,aptos_hf,True,test
hf_aptos_03287,data\raw\aptos\train_images\hf_aptos_03287.png,4,aptos_hf,True,test
hf_aptos_01201,data\raw\aptos\train_images\hf_aptos_01201.png,1,aptos_hf,True,test
hf_aptos_03248,data\raw\aptos\train_images\hf_aptos_03248.png,0,aptos_hf,True,test
hf_aptos_02580,data\raw\aptos\train_images\hf_aptos_02580.png,0,aptos_hf,True,test
hf_aptos_03087,data\raw\aptos\train_images\hf_aptos_03087.png,0,aptos_hf,True,test
hf_aptos_00368,data\raw\aptos\train_images\hf_aptos_00368.png,4,aptos_hf,True,test
hf_aptos_00286,data\raw\aptos\train_images\hf_aptos_00286.png,0,aptos_hf,True,test
hf_aptos_01017,data\raw\aptos\train_images\hf_aptos_01017.png,2,aptos_hf,True,test
hf_aptos_01744,data\raw\aptos\train_images\hf_aptos_01744.png,3,aptos_hf,True,test
hf_aptos_02806,data\raw\aptos\train_images\hf_aptos_02806.png,0,aptos_hf,True,test
hf_aptos_02357,data\raw\aptos\train_images\hf_aptos_02357.png,2,aptos_hf,True,test
hf_aptos_01277,data\raw\aptos\train_images\hf_aptos_01277.png,0,aptos_hf,True,test
hf_aptos_03476,data\raw\aptos\train_images\hf_aptos_03476.png,0,aptos_hf,True,test
hf_aptos_02281,data\raw\aptos\train_images\hf_aptos_02281.png,0,aptos_hf,True,test
hf_aptos_00456,data\raw\aptos\train_images\hf_aptos_00456.png,4,aptos_hf,True,test
hf_aptos_02228,data\raw\aptos\train_images\hf_aptos_02228.png,0,aptos_hf,True,test
hf_aptos_03547,data\raw\aptos\train_images\hf_aptos_03547.png,1,aptos_hf,True,test
hf_aptos_02995,data\raw\aptos\train_images\hf_aptos_02995.png,1,aptos_hf,True,test
hf_aptos_03252,data\raw\aptos\train_images\hf_aptos_03252.png,0,aptos_hf,True,test
hf_aptos_00722,data\raw\aptos\train_images\hf_aptos_00722.png,2,aptos_hf,True,test
hf_aptos_03238,data\raw\aptos\train_images\hf_aptos_03238.png,2,aptos_hf,True,test
hf_aptos_02963,data\raw\aptos\train_images\hf_aptos_02963.png,1,aptos_hf,True,test
hf_aptos_00950,data\raw\aptos\train_images\hf_aptos_00950.png,0,aptos_hf,True,test
hf_aptos_03447,data\raw\aptos\train_images\hf_aptos_03447.png,1,aptos_hf,True,test
hf_aptos_01523,data\raw\aptos\train_images\hf_aptos_01523.png,2,aptos_hf,True,test
hf_aptos_00335,data\raw\aptos\train_images\hf_aptos_00335.png,0,aptos_hf,True,test
hf_aptos_02946,data\raw\aptos\train_images\hf_aptos_02946.png,1,aptos_hf,True,test
hf_aptos_02440,data\raw\aptos\train_images\hf_aptos_02440.png,2,aptos_hf,True,test
hf_aptos_01950,data\raw\aptos\train_images\hf_aptos_01950.png,0,aptos_hf,True,test
hf_aptos_02474,data\raw\aptos\train_images\hf_aptos_02474.png,3,aptos_hf,True,test
hf_aptos_00385,data\raw\aptos\train_images\hf_aptos_00385.png,4,aptos_hf,True,test
hf_aptos_02045,data\raw\aptos\train_images\hf_aptos_02045.png,4,aptos_hf,True,test
hf_aptos_02476,data\raw\aptos\train_images\hf_aptos_02476.png,0,aptos_hf,True,test
hf_aptos_00593,data\raw\aptos\train_images\hf_aptos_00593.png,4,aptos_hf,True,test
hf_aptos_00030,data\raw\aptos\train_images\hf_aptos_00030.png,0,aptos_hf,True,test
hf_aptos_03121,data\raw\aptos\train_images\hf_aptos_03121.png,0,aptos_hf,True,test
hf_aptos_02454,data\raw\aptos\train_images\hf_aptos_02454.png,0,aptos_hf,True,test
hf_aptos_01690,data\raw\aptos\train_images\hf_aptos_01690.png,0,aptos_hf,True,test
hf_aptos_00521,data\raw\aptos\train_images\hf_aptos_00521.png,0,aptos_hf,True,test
hf_aptos_03512,data\raw\aptos\train_images\hf_aptos_03512.png,0,aptos_hf,True,test
hf_aptos_02162,data\raw\aptos\train_images\hf_aptos_02162.png,0,aptos_hf,True,test
hf_aptos_00245,data\raw\aptos\train_images\hf_aptos_00245.png,2,aptos_hf,True,test
hf_aptos_03376,data\raw\aptos\train_images\hf_aptos_03376.png,2,aptos_hf,True,test
hf_aptos_01661,data\raw\aptos\train_images\hf_aptos_01661.png,0,aptos_hf,True,test
hf_aptos_01061,data\raw\aptos\train_images\hf_aptos_01061.png,0,aptos_hf,True,test
hf_aptos_02126,data\raw\aptos\train_images\hf_aptos_02126.png,2,aptos_hf,True,test
hf_aptos_01859,data\raw\aptos\train_images\hf_aptos_01859.png,0,aptos_hf,True,test
hf_aptos_02819,data\raw\aptos\train_images\hf_aptos_02819.png,0,aptos_hf,True,test
hf_aptos_03403,data\raw\aptos\train_images\hf_aptos_03403.png,0,aptos_hf,True,test
hf_aptos_01585,data\raw\aptos\train_images\hf_aptos_01585.png,0,aptos_hf,True,test
hf_aptos_03465,data\raw\aptos\train_images\hf_aptos_03465.png,3,aptos_hf,True,test
hf_aptos_00345,data\raw\aptos\train_images\hf_aptos_00345.png,1,aptos_hf,True,test
hf_aptos_01118,data\raw\aptos\train_images\hf_aptos_01118.png,0,aptos_hf,True,test
hf_aptos_00041,data\raw\aptos\train_images\hf_aptos_00041.png,2,aptos_hf,True,test
hf_aptos_02124,data\raw\aptos\train_images\hf_aptos_02124.png,0,aptos_hf,True,test
hf_aptos_03421,data\raw\aptos\train_images\hf_aptos_03421.png,0,aptos_hf,True,test
hf_aptos_02594,data\raw\aptos\train_images\hf_aptos_02594.png,2,aptos_hf,True,test
